{
  "repo": "junit5",
  "totalMethods": 2078,
  "totalHistoryEquals1": 619,
  "totalHistory2To5": 795,
  "totalHistory6To10": 421,
  "totalHistoryGt10": 243,
  "totalHistoryCount": {
    "0": 2,
    "1": 619,
    "2": 266,
    "3": 172,
    "4": 236,
    "5": 119,
    "6": 112,
    "7": 109,
    "8": 74,
    "9": 58,
    "10": 68,
    "11": 41,
    "12": 53,
    "13": 26,
    "14": 22,
    "15": 16,
    "16": 13,
    "17": 5,
    "18": 11,
    "19": 6,
    "20": 7,
    "21": 4,
    "22": 10,
    "23": 3,
    "24": 2,
    "25": 4,
    "26": 1,
    "27": 3,
    "28": 1,
    "29": 3,
    "30": 2,
    "31": 2,
    "32": 2,
    "33": 1,
    "36": 1,
    "38": 2,
    "41": 1,
    "56": 1
  },
  "avgSizeShovel": 4.968238691049086,
  "avgSizeBase": 1.7064485081809433,
  "medianSizeShovel": 3,
  "medianSizeBase": 1,
  "changeStats": {
    "Yfilerename": 2914,
    "Ybodychange": 4733,
    "Yrename": 532,
    "Yparameterchange": 1078,
    "Ymovefromfile": 352,
    "Yintroduced": 2050,
    "Ymodifierchange": 316,
    "Yreturntypechange": 339,
    "Yexceptionschange": 129,
    "Yparametermetachange": 2
  },
  "countSmallMethodsForOneChange": 385,
  "countSmallMethodsForMoreThanOneChange": 699,
  "avgMethodSizeOneChange": 5.331179321486268,
  "avgMethodsMoreThanOneChange": 6.640164496230295,
  "statsMethodsOneChange": {
    "setters": 21,
    "getters": 127,
    "tests": 4
  },
  "methodSizeStatsLeftNumChangesRightNumLinesNumMethods": {
    "0": {
      "3": 2
    },
    "1": {
      "2": 2,
      "3": 381,
      "4": 39,
      "5": 38,
      "6": 20,
      "7": 18,
      "8": 20,
      "9": 13,
      "10": 24,
      "11": 11,
      "12": 9,
      "13": 12,
      "14": 10,
      "15": 2,
      "16": 3,
      "17": 2,
      "18": 1,
      "21": 3,
      "24": 2,
      "26": 2,
      "27": 2,
      "28": 2,
      "29": 1,
      "33": 1,
      "54": 1
    },
    "2": {
      "2": 2,
      "3": 138,
      "4": 17,
      "5": 35,
      "6": 15,
      "7": 9,
      "8": 7,
      "9": 6,
      "10": 8,
      "11": 8,
      "12": 5,
      "13": 2,
      "15": 4,
      "16": 1,
      "18": 1,
      "25": 1,
      "26": 2,
      "28": 2,
      "34": 1,
      "39": 1,
      "45": 1
    },
    "3": {
      "2": 1,
      "3": 94,
      "4": 15,
      "5": 8,
      "6": 5,
      "7": 6,
      "8": 8,
      "9": 3,
      "10": 8,
      "11": 4,
      "12": 1,
      "13": 6,
      "14": 2,
      "15": 2,
      "16": 1,
      "18": 2,
      "20": 1,
      "22": 1,
      "26": 2,
      "28": 1,
      "31": 1
    },
    "4": {
      "2": 2,
      "3": 162,
      "4": 13,
      "5": 12,
      "6": 11,
      "7": 4,
      "8": 5,
      "9": 5,
      "10": 3,
      "11": 2,
      "12": 3,
      "13": 2,
      "15": 2,
      "17": 1,
      "18": 3,
      "20": 1,
      "21": 1,
      "27": 1,
      "29": 1,
      "30": 1,
      "43": 1
    },
    "5": {
      "2": 1,
      "3": 54,
      "4": 9,
      "5": 8,
      "6": 7,
      "7": 6,
      "8": 5,
      "9": 9,
      "10": 3,
      "11": 5,
      "12": 3,
      "13": 1,
      "14": 1,
      "16": 1,
      "17": 1,
      "18": 2,
      "19": 1,
      "24": 1,
      "35": 1
    },
    "6": {
      "3": 56,
      "4": 3,
      "5": 6,
      "6": 8,
      "7": 3,
      "8": 7,
      "9": 2,
      "10": 8,
      "11": 1,
      "12": 1,
      "13": 1,
      "14": 1,
      "15": 8,
      "20": 1,
      "21": 1,
      "22": 1,
      "23": 1,
      "26": 1,
      "27": 1,
      "42": 1
    },
    "7": {
      "3": 52,
      "4": 10,
      "5": 8,
      "6": 3,
      "7": 6,
      "8": 4,
      "9": 3,
      "10": 4,
      "11": 4,
      "12": 2,
      "13": 3,
      "14": 1,
      "15": 2,
      "16": 2,
      "18": 1,
      "26": 2,
      "34": 1,
      "61": 1
    },
    "8": {
      "2": 2,
      "3": 22,
      "4": 14,
      "5": 6,
      "6": 4,
      "7": 3,
      "8": 2,
      "9": 4,
      "10": 2,
      "11": 1,
      "12": 1,
      "13": 1,
      "14": 4,
      "15": 2,
      "19": 1,
      "21": 1,
      "22": 1,
      "23": 1,
      "32": 1,
      "41": 1
    },
    "9": {
      "2": 1,
      "3": 28,
      "4": 6,
      "5": 9,
      "6": 1,
      "7": 2,
      "8": 1,
      "9": 2,
      "11": 2,
      "12": 1,
      "13": 2,
      "14": 2,
      "20": 1
    },
    "10": {
      "2": 3,
      "3": 32,
      "4": 3,
      "5": 5,
      "6": 3,
      "7": 3,
      "8": 3,
      "9": 2,
      "10": 6,
      "11": 1,
      "12": 3,
      "14": 1,
      "18": 1,
      "25": 1,
      "29": 1
    },
    "11": {
      "3": 13,
      "4": 6,
      "5": 2,
      "6": 1,
      "7": 1,
      "8": 3,
      "9": 2,
      "10": 1,
      "11": 1,
      "12": 5,
      "13": 2,
      "16": 1,
      "17": 1,
      "22": 1,
      "39": 1
    },
    "12": {
      "3": 20,
      "4": 8,
      "5": 1,
      "6": 4,
      "7": 3,
      "8": 4,
      "9": 1,
      "10": 3,
      "11": 1,
      "12": 1,
      "13": 1,
      "16": 1,
      "21": 2,
      "22": 1,
      "23": 1,
      "41": 1
    },
    "13": {
      "3": 6,
      "4": 2,
      "5": 6,
      "6": 2,
      "8": 1,
      "9": 2,
      "13": 2,
      "15": 1,
      "17": 1,
      "23": 1,
      "24": 1,
      "25": 1
    },
    "14": {
      "3": 3,
      "4": 1,
      "5": 2,
      "6": 2,
      "8": 4,
      "9": 2,
      "11": 2,
      "12": 1,
      "13": 1,
      "14": 2,
      "19": 1,
      "20": 1
    },
    "15": {
      "3": 2,
      "4": 2,
      "5": 1,
      "6": 5,
      "7": 1,
      "9": 1,
      "14": 1,
      "15": 2,
      "51": 1
    },
    "16": {
      "3": 1,
      "4": 1,
      "5": 2,
      "6": 1,
      "8": 2,
      "9": 1,
      "10": 1,
      "12": 1,
      "13": 1,
      "20": 1,
      "30": 1
    },
    "17": {
      "5": 1,
      "10": 2,
      "12": 1,
      "14": 1
    },
    "18": {
      "4": 2,
      "9": 2,
      "13": 2,
      "16": 1,
      "18": 1,
      "28": 1,
      "29": 1,
      "52": 1
    },
    "19": {
      "3": 1,
      "4": 1,
      "6": 1,
      "7": 1,
      "15": 1,
      "17": 1
    },
    "20": {
      "3": 1,
      "6": 2,
      "8": 1,
      "16": 1,
      "22": 1,
      "23": 1
    },
    "21": {
      "5": 1,
      "6": 1,
      "8": 1,
      "16": 1
    },
    "22": {
      "3": 1,
      "5": 1,
      "6": 1,
      "9": 1,
      "10": 1,
      "12": 1,
      "13": 1,
      "14": 1,
      "20": 1,
      "22": 1
    },
    "23": {
      "4": 1,
      "6": 1,
      "26": 1
    },
    "24": {
      "6": 1,
      "17": 1
    },
    "25": {
      "4": 1,
      "6": 3
    },
    "26": {
      "9": 1
    },
    "27": {
      "4": 2,
      "12": 1
    },
    "28": {
      "3": 1
    },
    "29": {
      "12": 1,
      "14": 1,
      "32": 1
    },
    "30": {
      "13": 1,
      "24": 1
    },
    "31": {
      "26": 1,
      "46": 1
    },
    "32": {
      "4": 1,
      "14": 1
    },
    "33": {
      "45": 1
    },
    "36": {
      "15": 1
    },
    "38": {
      "16": 1,
      "24": 1
    },
    "41": {
      "33": 1
    },
    "56": {
      "27": 1
    }
  }
}