{
  "repo": "hibernate-orm",
  "totalMethods": 20976,
  "totalHistoryEquals1": 5246,
  "totalHistory2To5": 12783,
  "totalHistory6To10": 2528,
  "totalHistoryGt10": 419,
  "totalHistoryCount": {
    "0": 494,
    "1": 5246,
    "2": 2711,
    "3": 4097,
    "4": 3683,
    "5": 1798,
    "6": 1113,
    "7": 619,
    "8": 429,
    "9": 226,
    "10": 141,
    "11": 108,
    "12": 82,
    "13": 65,
    "14": 39,
    "15": 30,
    "16": 20,
    "17": 17,
    "18": 16,
    "19": 10,
    "20": 4,
    "21": 5,
    "22": 7,
    "23": 4,
    "25": 3,
    "26": 3,
    "27": 2,
    "28": 1,
    "32": 2,
    "42": 1
  },
  "avgSizeShovel": 3.35812356979405,
  "avgSizeBase": 1.3394832189168573,
  "medianSizeShovel": 3,
  "medianSizeBase": 1,
  "changeStats": {
    "Ybodychange": 17856,
    "Yfilerename": 29270,
    "Yintroduced": 20069,
    "Yparameterchange": 3501,
    "Yexceptionschange": 458,
    "Ymovefromfile": 2631,
    "Ymodifierchange": 855,
    "Yrename": 1441,
    "Yreturntypechange": 1667,
    "Yparametermetachange": 83
  },
  "countSmallMethodsForOneChange": 3560,
  "countSmallMethodsForMoreThanOneChange": 7947,
  "avgMethodSizeOneChange": 6.614182234083111,
  "avgMethodsMoreThanOneChange": 9.560584869675779,
  "statsMethodsOneChange": {
    "setters": 128,
    "getters": 1986,
    "tests": 0
  },
  "methodSizeStatsLeftNumChangesRightNumLinesNumMethods": {
    "0": {
      "2": 1,
      "3": 346,
      "4": 34,
      "5": 10,
      "6": 12,
      "7": 16,
      "8": 7,
      "9": 15,
      "10": 5,
      "11": 5,
      "13": 4,
      "14": 4,
      "15": 1,
      "16": 4,
      "17": 3,
      "18": 2,
      "20": 4,
      "21": 3,
      "22": 1,
      "23": 2,
      "25": 3,
      "26": 1,
      "27": 1,
      "28": 3,
      "29": 1,
      "32": 1,
      "35": 1,
      "45": 1,
      "46": 1,
      "49": 1,
      "55": 1
    },
    "1": {
      "1": 4,
      "2": 17,
      "3": 3192,
      "4": 468,
      "5": 163,
      "6": 154,
      "7": 157,
      "8": 142,
      "9": 101,
      "10": 91,
      "11": 84,
      "12": 67,
      "13": 51,
      "14": 48,
      "15": 48,
      "16": 46,
      "17": 34,
      "18": 30,
      "19": 38,
      "20": 21,
      "21": 36,
      "22": 12,
      "23": 15,
      "24": 22,
      "25": 13,
      "26": 14,
      "27": 17,
      "28": 9,
      "29": 11,
      "30": 14,
      "31": 7,
      "32": 4,
      "33": 6,
      "34": 6,
      "35": 8,
      "36": 5,
      "37": 5,
      "38": 7,
      "39": 8,
      "40": 8,
      "42": 3,
      "43": 1,
      "44": 4,
      "45": 2,
      "46": 5,
      "48": 3,
      "50": 1,
      "51": 5,
      "52": 2,
      "53": 2,
      "55": 1,
      "56": 2,
      "57": 3,
      "58": 2,
      "59": 1,
      "60": 1,
      "63": 1,
      "64": 1,
      "66": 2,
      "68": 1,
      "72": 3,
      "75": 2,
      "77": 1,
      "79": 2,
      "82": 1,
      "84": 1,
      "85": 1,
      "87": 1,
      "90": 2,
      "92": 1,
      "122": 1,
      "161": 1,
      "172": 1,
      "209": 1,
      "219": 1
    },
    "2": {
      "2": 38,
      "3": 1401,
      "4": 265,
      "5": 94,
      "6": 98,
      "7": 66,
      "8": 89,
      "9": 79,
      "10": 53,
      "11": 48,
      "12": 52,
      "13": 37,
      "14": 38,
      "15": 27,
      "16": 33,
      "17": 26,
      "18": 32,
      "19": 15,
      "20": 12,
      "21": 16,
      "22": 14,
      "23": 9,
      "24": 15,
      "25": 9,
      "26": 5,
      "27": 11,
      "28": 8,
      "29": 10,
      "30": 13,
      "31": 5,
      "32": 6,
      "33": 9,
      "34": 7,
      "35": 9,
      "36": 3,
      "37": 4,
      "38": 1,
      "39": 8,
      "40": 2,
      "41": 3,
      "42": 1,
      "43": 1,
      "44": 2,
      "45": 1,
      "46": 5,
      "47": 3,
      "48": 1,
      "49": 3,
      "50": 2,
      "51": 4,
      "52": 2,
      "53": 1,
      "55": 1,
      "57": 2,
      "59": 1,
      "62": 1,
      "64": 1,
      "68": 1,
      "69": 1,
      "70": 1,
      "72": 1,
      "73": 1,
      "75": 1,
      "78": 2,
      "81": 1,
      "108": 1,
      "111": 1
    },
    "3": {
      "1": 3,
      "2": 39,
      "3": 2853,
      "4": 263,
      "5": 121,
      "6": 110,
      "7": 68,
      "8": 88,
      "9": 60,
      "10": 45,
      "11": 49,
      "12": 35,
      "13": 34,
      "14": 22,
      "15": 39,
      "16": 23,
      "17": 22,
      "18": 20,
      "19": 14,
      "20": 10,
      "21": 21,
      "22": 12,
      "23": 6,
      "24": 15,
      "25": 5,
      "26": 5,
      "27": 5,
      "28": 7,
      "29": 8,
      "30": 5,
      "31": 6,
      "32": 4,
      "33": 3,
      "34": 4,
      "35": 10,
      "36": 4,
      "37": 4,
      "38": 2,
      "39": 7,
      "40": 3,
      "41": 2,
      "42": 1,
      "43": 1,
      "45": 1,
      "46": 1,
      "47": 2,
      "48": 2,
      "50": 1,
      "52": 3,
      "56": 1,
      "58": 1,
      "60": 1,
      "62": 1,
      "64": 1,
      "66": 1,
      "67": 2,
      "68": 1,
      "69": 1,
      "70": 2,
      "76": 1,
      "77": 1,
      "78": 1,
      "85": 1,
      "87": 1,
      "88": 1,
      "92": 2,
      "93": 1,
      "97": 1,
      "98": 1,
      "104": 2,
      "110": 1,
      "113": 1,
      "125": 1,
      "208": 1
    },
    "4": {
      "1": 1,
      "2": 16,
      "3": 2188,
      "4": 334,
      "5": 133,
      "6": 116,
      "7": 123,
      "8": 119,
      "9": 86,
      "10": 58,
      "11": 52,
      "12": 62,
      "13": 42,
      "14": 48,
      "15": 26,
      "16": 20,
      "17": 24,
      "18": 24,
      "19": 18,
      "20": 18,
      "21": 14,
      "22": 11,
      "23": 7,
      "24": 18,
      "25": 9,
      "26": 10,
      "27": 4,
      "28": 7,
      "29": 3,
      "30": 8,
      "31": 4,
      "32": 5,
      "33": 5,
      "34": 4,
      "35": 6,
      "36": 6,
      "37": 5,
      "38": 3,
      "39": 3,
      "40": 2,
      "41": 1,
      "42": 1,
      "43": 1,
      "44": 3,
      "45": 2,
      "46": 3,
      "47": 3,
      "48": 1,
      "49": 1,
      "50": 2,
      "51": 2,
      "52": 1,
      "53": 2,
      "55": 1,
      "56": 2,
      "57": 1,
      "59": 1,
      "61": 2,
      "63": 1,
      "64": 1,
      "65": 1,
      "67": 1,
      "69": 1,
      "73": 1,
      "83": 1,
      "87": 3,
      "89": 1,
      "97": 1,
      "132": 1
    },
    "5": {
      "2": 9,
      "3": 716,
      "4": 166,
      "5": 80,
      "6": 81,
      "7": 50,
      "8": 72,
      "9": 64,
      "10": 52,
      "11": 52,
      "12": 50,
      "13": 31,
      "14": 28,
      "15": 32,
      "16": 27,
      "17": 15,
      "18": 41,
      "19": 13,
      "20": 16,
      "21": 11,
      "22": 11,
      "23": 9,
      "24": 12,
      "25": 18,
      "26": 8,
      "27": 9,
      "28": 6,
      "29": 10,
      "30": 8,
      "31": 3,
      "32": 6,
      "33": 8,
      "34": 8,
      "35": 5,
      "36": 5,
      "37": 2,
      "38": 5,
      "39": 4,
      "40": 9,
      "43": 2,
      "44": 2,
      "45": 1,
      "46": 1,
      "47": 2,
      "49": 1,
      "52": 1,
      "53": 1,
      "55": 4,
      "56": 1,
      "57": 1,
      "60": 1,
      "61": 2,
      "63": 1,
      "64": 1,
      "65": 1,
      "69": 3,
      "71": 1,
      "73": 1,
      "77": 1,
      "78": 1,
      "80": 2,
      "81": 1,
      "88": 1,
      "92": 1,
      "94": 2,
      "95": 2,
      "96": 1,
      "102": 1,
      "109": 1,
      "114": 1,
      "170": 1,
      "190": 1,
      "191": 1
    },
    "6": {
      "2": 1,
      "3": 381,
      "4": 86,
      "5": 55,
      "6": 42,
      "7": 44,
      "8": 38,
      "9": 28,
      "10": 33,
      "11": 37,
      "12": 38,
      "13": 35,
      "14": 24,
      "15": 14,
      "16": 22,
      "17": 20,
      "18": 17,
      "19": 9,
      "20": 13,
      "21": 14,
      "22": 12,
      "23": 6,
      "24": 10,
      "25": 11,
      "26": 5,
      "27": 12,
      "28": 3,
      "29": 9,
      "30": 6,
      "31": 7,
      "32": 5,
      "33": 1,
      "34": 7,
      "35": 4,
      "36": 6,
      "37": 5,
      "38": 3,
      "39": 4,
      "40": 3,
      "41": 1,
      "42": 1,
      "43": 1,
      "44": 3,
      "45": 2,
      "46": 2,
      "47": 1,
      "48": 1,
      "50": 3,
      "51": 1,
      "53": 1,
      "54": 2,
      "55": 1,
      "56": 1,
      "58": 1,
      "59": 1,
      "60": 1,
      "62": 2,
      "65": 1,
      "70": 1,
      "74": 1,
      "77": 1,
      "79": 1,
      "81": 1,
      "88": 1,
      "98": 1,
      "103": 1,
      "118": 1,
      "119": 2,
      "123": 1,
      "138": 1,
      "153": 1,
      "205": 1,
      "243": 1
    },
    "7": {
      "3": 148,
      "4": 30,
      "5": 32,
      "6": 20,
      "7": 20,
      "8": 32,
      "9": 12,
      "10": 28,
      "11": 13,
      "12": 10,
      "13": 26,
      "14": 16,
      "15": 19,
      "16": 19,
      "17": 15,
      "18": 15,
      "19": 13,
      "20": 13,
      "21": 3,
      "22": 12,
      "23": 8,
      "24": 6,
      "25": 3,
      "26": 12,
      "27": 7,
      "28": 3,
      "29": 2,
      "30": 5,
      "31": 3,
      "32": 5,
      "33": 7,
      "34": 6,
      "35": 2,
      "36": 3,
      "37": 2,
      "38": 3,
      "39": 3,
      "40": 1,
      "41": 1,
      "42": 3,
      "43": 2,
      "44": 1,
      "45": 1,
      "47": 1,
      "48": 1,
      "49": 1,
      "50": 3,
      "51": 3,
      "53": 1,
      "54": 1,
      "57": 3,
      "61": 2,
      "63": 1,
      "66": 1,
      "68": 1,
      "72": 1,
      "74": 1,
      "79": 1,
      "81": 1,
      "85": 1,
      "86": 1,
      "93": 1,
      "99": 1,
      "106": 1,
      "121": 1,
      "124": 1,
      "170": 1,
      "174": 1,
      "199": 1,
      "201": 1
    },
    "8": {
      "3": 91,
      "4": 17,
      "5": 10,
      "6": 7,
      "7": 8,
      "8": 14,
      "9": 24,
      "10": 13,
      "11": 11,
      "12": 12,
      "13": 10,
      "14": 9,
      "15": 21,
      "16": 9,
      "17": 11,
      "18": 10,
      "19": 6,
      "20": 12,
      "21": 6,
      "22": 10,
      "23": 10,
      "24": 5,
      "25": 11,
      "26": 1,
      "27": 6,
      "28": 3,
      "29": 6,
      "30": 2,
      "31": 5,
      "32": 1,
      "34": 3,
      "35": 3,
      "37": 4,
      "38": 1,
      "39": 4,
      "40": 2,
      "41": 5,
      "42": 3,
      "43": 4,
      "44": 3,
      "45": 3,
      "46": 1,
      "47": 1,
      "48": 4,
      "54": 2,
      "55": 1,
      "58": 2,
      "60": 1,
      "62": 1,
      "63": 2,
      "64": 1,
      "69": 4,
      "71": 1,
      "75": 2,
      "83": 1,
      "88": 1,
      "90": 1,
      "91": 1,
      "100": 1,
      "111": 1,
      "139": 1,
      "144": 1,
      "189": 1,
      "199": 1
    },
    "9": {
      "3": 33,
      "4": 15,
      "5": 8,
      "6": 9,
      "7": 7,
      "8": 3,
      "9": 3,
      "10": 2,
      "11": 8,
      "12": 6,
      "13": 6,
      "14": 6,
      "15": 4,
      "16": 1,
      "17": 4,
      "18": 5,
      "19": 2,
      "20": 4,
      "21": 4,
      "22": 4,
      "23": 4,
      "24": 3,
      "25": 3,
      "26": 2,
      "27": 3,
      "29": 3,
      "30": 6,
      "31": 4,
      "32": 3,
      "33": 2,
      "34": 6,
      "36": 1,
      "37": 4,
      "38": 1,
      "39": 2,
      "40": 2,
      "42": 3,
      "43": 2,
      "44": 1,
      "45": 2,
      "46": 1,
      "48": 1,
      "49": 2,
      "50": 2,
      "53": 1,
      "54": 1,
      "55": 1,
      "56": 2,
      "57": 1,
      "58": 1,
      "59": 1,
      "60": 1,
      "61": 3,
      "62": 1,
      "65": 2,
      "68": 2,
      "70": 1,
      "73": 1,
      "74": 2,
      "77": 1,
      "78": 2,
      "81": 1,
      "101": 1,
      "104": 1,
      "115": 1,
      "148": 1,
      "245": 1
    },
    "10": {
      "3": 13,
      "4": 3,
      "5": 1,
      "6": 2,
      "7": 2,
      "8": 4,
      "9": 2,
      "10": 5,
      "11": 6,
      "12": 4,
      "13": 2,
      "14": 2,
      "15": 5,
      "16": 2,
      "17": 4,
      "18": 4,
      "19": 4,
      "20": 2,
      "21": 6,
      "22": 5,
      "23": 1,
      "24": 3,
      "25": 4,
      "26": 2,
      "27": 5,
      "28": 2,
      "29": 2,
      "30": 2,
      "31": 1,
      "32": 1,
      "34": 1,
      "36": 1,
      "37": 1,
      "38": 1,
      "39": 4,
      "41": 3,
      "42": 2,
      "44": 1,
      "45": 1,
      "46": 1,
      "47": 1,
      "49": 2,
      "53": 2,
      "55": 2,
      "57": 1,
      "58": 1,
      "59": 3,
      "62": 2,
      "63": 1,
      "65": 1,
      "67": 1,
      "70": 1,
      "71": 1,
      "72": 1,
      "92": 1,
      "104": 1,
      "108": 1,
      "114": 1
    },
    "11": {
      "4": 2,
      "5": 2,
      "6": 3,
      "7": 1,
      "9": 2,
      "10": 2,
      "11": 3,
      "12": 4,
      "14": 3,
      "15": 4,
      "16": 4,
      "17": 3,
      "18": 3,
      "19": 1,
      "20": 3,
      "21": 2,
      "22": 2,
      "23": 3,
      "24": 2,
      "25": 1,
      "27": 1,
      "28": 1,
      "29": 1,
      "30": 2,
      "31": 1,
      "33": 3,
      "34": 7,
      "35": 1,
      "36": 2,
      "37": 1,
      "38": 1,
      "40": 1,
      "41": 1,
      "43": 1,
      "46": 2,
      "47": 2,
      "48": 1,
      "49": 2,
      "50": 3,
      "55": 4,
      "57": 1,
      "59": 1,
      "60": 1,
      "62": 1,
      "64": 1,
      "68": 1,
      "71": 1,
      "74": 1,
      "75": 1,
      "76": 1,
      "78": 1,
      "88": 1,
      "91": 1,
      "94": 1,
      "95": 1,
      "97": 1,
      "116": 1,
      "129": 1,
      "130": 1,
      "160": 1
    },
    "12": {
      "2": 1,
      "3": 7,
      "4": 5,
      "5": 3,
      "6": 1,
      "8": 1,
      "10": 1,
      "11": 1,
      "12": 2,
      "14": 2,
      "15": 2,
      "17": 1,
      "19": 1,
      "20": 1,
      "22": 1,
      "23": 1,
      "24": 1,
      "25": 1,
      "26": 1,
      "27": 1,
      "29": 2,
      "30": 1,
      "32": 3,
      "33": 1,
      "34": 1,
      "35": 3,
      "38": 2,
      "40": 1,
      "41": 1,
      "42": 1,
      "43": 1,
      "44": 1,
      "47": 1,
      "48": 3,
      "49": 1,
      "51": 1,
      "52": 2,
      "55": 2,
      "57": 1,
      "59": 1,
      "60": 1,
      "62": 1,
      "63": 1,
      "64": 1,
      "67": 1,
      "69": 2,
      "77": 1,
      "84": 1,
      "85": 1,
      "95": 1,
      "129": 1,
      "142": 1,
      "148": 1,
      "153": 2,
      "174": 1
    },
    "13": {
      "3": 8,
      "5": 2,
      "6": 2,
      "7": 3,
      "8": 3,
      "9": 1,
      "12": 1,
      "14": 4,
      "15": 1,
      "16": 1,
      "17": 1,
      "18": 1,
      "19": 1,
      "20": 1,
      "21": 1,
      "22": 3,
      "26": 2,
      "30": 3,
      "32": 1,
      "36": 1,
      "39": 2,
      "40": 1,
      "44": 1,
      "48": 1,
      "53": 1,
      "55": 1,
      "57": 1,
      "59": 1,
      "61": 1,
      "67": 1,
      "69": 1,
      "80": 1,
      "82": 1,
      "84": 2,
      "88": 1,
      "89": 1,
      "94": 1,
      "95": 1,
      "102": 1,
      "107": 1,
      "116": 1,
      "142": 1
    },
    "14": {
      "4": 2,
      "8": 1,
      "9": 2,
      "11": 2,
      "13": 2,
      "17": 1,
      "18": 1,
      "19": 1,
      "21": 1,
      "22": 1,
      "23": 1,
      "24": 1,
      "32": 1,
      "34": 2,
      "36": 1,
      "39": 1,
      "41": 1,
      "42": 1,
      "46": 1,
      "47": 1,
      "48": 1,
      "50": 1,
      "51": 1,
      "56": 1,
      "58": 1,
      "59": 1,
      "61": 1,
      "68": 1,
      "74": 1,
      "82": 1,
      "90": 1,
      "100": 1,
      "115": 1,
      "142": 1
    },
    "15": {
      "9": 1,
      "10": 1,
      "11": 1,
      "17": 2,
      "18": 1,
      "20": 1,
      "28": 1,
      "31": 2,
      "35": 1,
      "38": 1,
      "40": 2,
      "47": 1,
      "49": 1,
      "50": 1,
      "54": 1,
      "63": 1,
      "69": 2,
      "75": 1,
      "77": 2,
      "80": 1,
      "84": 1,
      "96": 1,
      "105": 1,
      "116": 1,
      "123": 1
    },
    "16": {
      "7": 1,
      "10": 1,
      "17": 1,
      "21": 1,
      "23": 1,
      "36": 1,
      "38": 1,
      "53": 1,
      "56": 1,
      "63": 1,
      "71": 1,
      "72": 1,
      "97": 1,
      "100": 1,
      "102": 1,
      "106": 1,
      "112": 1,
      "117": 1,
      "119": 1,
      "123": 1
    },
    "17": {
      "16": 1,
      "20": 1,
      "23": 1,
      "25": 1,
      "35": 1,
      "36": 1,
      "55": 1,
      "57": 1,
      "59": 1,
      "74": 1,
      "109": 1,
      "111": 1,
      "115": 1,
      "126": 1,
      "131": 1,
      "152": 1,
      "175": 1
    },
    "18": {
      "9": 1,
      "12": 1,
      "18": 2,
      "24": 1,
      "25": 1,
      "27": 1,
      "30": 1,
      "33": 1,
      "52": 1,
      "91": 1,
      "96": 1,
      "129": 2,
      "132": 2
    },
    "19": {
      "10": 2,
      "13": 1,
      "30": 1,
      "31": 1,
      "57": 1,
      "77": 1,
      "96": 1,
      "100": 1,
      "107": 1
    },
    "20": {
      "69": 1,
      "90": 1,
      "94": 1,
      "184": 1
    },
    "21": {
      "7": 1,
      "12": 1,
      "33": 1,
      "123": 1,
      "168": 1
    },
    "22": {
      "12": 1,
      "25": 1,
      "40": 1,
      "68": 1,
      "96": 1,
      "108": 1,
      "121": 1
    },
    "23": {
      "31": 1,
      "40": 1,
      "93": 1,
      "201": 1
    },
    "25": {
      "12": 1,
      "82": 1,
      "95": 1
    },
    "26": {
      "27": 1,
      "45": 1,
      "75": 1
    },
    "27": {
      "48": 1,
      "176": 1
    },
    "28": {
      "43": 1
    },
    "32": {
      "167": 1,
      "174": 1
    },
    "42": {
      "311": 1
    }
  }
}