{
  "repo": "lucene-solr",
  "totalMethods": 16391,
  "totalHistoryEquals1": 4576,
  "totalHistory2To5": 8063,
  "totalHistory6To10": 2724,
  "totalHistoryGt10": 1028,
  "totalHistoryCount": {
    "0": 403,
    "1": 4576,
    "2": 2319,
    "3": 1891,
    "4": 1953,
    "5": 1497,
    "6": 883,
    "7": 794,
    "8": 488,
    "9": 312,
    "10": 247,
    "11": 232,
    "12": 169,
    "13": 130,
    "14": 97,
    "15": 86,
    "16": 57,
    "17": 28,
    "18": 35,
    "19": 28,
    "20": 24,
    "21": 27,
    "22": 10,
    "23": 13,
    "24": 11,
    "25": 11,
    "26": 6,
    "27": 8,
    "28": 9,
    "29": 12,
    "30": 5,
    "32": 2,
    "34": 5,
    "35": 2,
    "36": 2,
    "37": 1,
    "38": 4,
    "39": 2,
    "40": 1,
    "41": 3,
    "42": 1,
    "43": 2,
    "44": 1,
    "47": 1,
    "50": 1,
    "63": 1,
    "67": 1
  },
  "avgSizeShovel": 4.0340430724177905,
  "avgSizeBase": 1.5879446037459581,
  "medianSizeShovel": 3,
  "medianSizeBase": 1,
  "changeStats": {
    "Ybodychange": 27310,
    "Yfilerename": 21850,
    "Yintroduced": 15555,
    "Yparameterchange": 2311,
    "Yreturntypechange": 978,
    "Yrename": 746,
    "Yexceptionschange": 706,
    "Ymovefromfile": 1056,
    "Ymodifierchange": 628,
    "Yparametermetachange": 127
  },
  "countSmallMethodsForOneChange": 1994,
  "countSmallMethodsForMoreThanOneChange": 2943,
  "avgMethodSizeOneChange": 10.004589160839162,
  "avgMethodsMoreThanOneChange": 16.98967414303851,
  "statsMethodsOneChange": {
    "setters": 86,
    "getters": 548,
    "tests": 910
  },
  "methodSizeStatsLeftNumChangesRightNumLinesNumMethods": {
    "0": {
      "1": 1,
      "2": 4,
      "3": 112,
      "4": 145,
      "5": 25,
      "6": 12,
      "7": 11,
      "8": 6,
      "9": 7,
      "10": 31,
      "11": 10,
      "12": 4,
      "13": 5,
      "14": 2,
      "15": 3,
      "16": 1,
      "17": 2,
      "18": 3,
      "19": 1,
      "20": 1,
      "21": 1,
      "22": 3,
      "26": 1,
      "27": 2,
      "29": 1,
      "33": 2,
      "35": 2,
      "37": 1,
      "40": 1,
      "43": 2,
      "72": 1
    },
    "1": {
      "1": 81,
      "2": 13,
      "3": 1783,
      "4": 320,
      "5": 245,
      "6": 260,
      "7": 210,
      "8": 195,
      "9": 170,
      "10": 111,
      "11": 110,
      "12": 91,
      "13": 84,
      "14": 86,
      "15": 73,
      "16": 75,
      "17": 44,
      "18": 40,
      "19": 54,
      "20": 36,
      "21": 32,
      "22": 26,
      "23": 37,
      "24": 17,
      "25": 24,
      "26": 20,
      "27": 19,
      "28": 15,
      "29": 23,
      "30": 12,
      "31": 16,
      "32": 12,
      "33": 22,
      "34": 10,
      "35": 2,
      "36": 7,
      "37": 12,
      "38": 4,
      "39": 6,
      "40": 25,
      "41": 4,
      "42": 9,
      "43": 3,
      "44": 8,
      "45": 5,
      "46": 6,
      "47": 1,
      "48": 2,
      "49": 6,
      "50": 9,
      "51": 4,
      "52": 6,
      "54": 3,
      "55": 2,
      "56": 4,
      "57": 2,
      "58": 5,
      "60": 4,
      "61": 2,
      "62": 4,
      "64": 4,
      "65": 2,
      "66": 5,
      "67": 1,
      "68": 4,
      "69": 1,
      "71": 1,
      "72": 2,
      "73": 1,
      "74": 2,
      "75": 2,
      "77": 3,
      "78": 1,
      "81": 2,
      "83": 3,
      "85": 1,
      "86": 1,
      "88": 2,
      "90": 1,
      "91": 2,
      "96": 1,
      "99": 2,
      "100": 1,
      "103": 1,
      "107": 1,
      "110": 2,
      "114": 1,
      "120": 1,
      "121": 1,
      "123": 1,
      "127": 1,
      "139": 1,
      "140": 1,
      "144": 1,
      "147": 1,
      "148": 1,
      "163": 1,
      "166": 1,
      "182": 1,
      "189": 1,
      "194": 1,
      "275": 1
    },
    "2": {
      "1": 31,
      "2": 6,
      "3": 618,
      "4": 140,
      "5": 117,
      "6": 174,
      "7": 151,
      "8": 143,
      "9": 103,
      "10": 93,
      "11": 66,
      "12": 61,
      "13": 48,
      "14": 28,
      "15": 31,
      "16": 41,
      "17": 29,
      "18": 28,
      "19": 21,
      "20": 20,
      "21": 20,
      "22": 22,
      "23": 16,
      "24": 16,
      "25": 18,
      "26": 10,
      "27": 14,
      "28": 14,
      "29": 20,
      "30": 15,
      "31": 9,
      "32": 5,
      "33": 7,
      "34": 7,
      "35": 9,
      "36": 6,
      "37": 9,
      "38": 10,
      "39": 11,
      "40": 6,
      "41": 2,
      "42": 4,
      "43": 10,
      "44": 4,
      "45": 4,
      "46": 5,
      "47": 5,
      "48": 5,
      "49": 2,
      "50": 4,
      "51": 1,
      "53": 1,
      "54": 3,
      "56": 3,
      "57": 1,
      "58": 1,
      "59": 3,
      "60": 3,
      "61": 4,
      "62": 2,
      "63": 1,
      "64": 2,
      "65": 1,
      "67": 2,
      "68": 1,
      "69": 5,
      "70": 2,
      "72": 1,
      "73": 1,
      "75": 2,
      "76": 2,
      "77": 1,
      "78": 1,
      "81": 3,
      "83": 1,
      "84": 2,
      "88": 1,
      "90": 1,
      "91": 1,
      "92": 1,
      "93": 1,
      "95": 1,
      "99": 1,
      "101": 2,
      "102": 2,
      "103": 1,
      "106": 1,
      "107": 2,
      "109": 1,
      "110": 1,
      "111": 1,
      "114": 1,
      "115": 1,
      "117": 1,
      "123": 1,
      "124": 1,
      "128": 1,
      "130": 1,
      "184": 1,
      "202": 1,
      "206": 1,
      "220": 1,
      "252": 1,
      "259": 1
    },
    "3": {
      "1": 14,
      "2": 4,
      "3": 694,
      "4": 136,
      "5": 118,
      "6": 117,
      "7": 70,
      "8": 71,
      "9": 54,
      "10": 70,
      "11": 43,
      "12": 43,
      "13": 33,
      "14": 22,
      "15": 26,
      "16": 39,
      "17": 23,
      "18": 16,
      "19": 15,
      "20": 19,
      "21": 18,
      "22": 10,
      "23": 5,
      "24": 21,
      "25": 10,
      "26": 8,
      "27": 15,
      "28": 19,
      "29": 9,
      "30": 11,
      "31": 10,
      "32": 4,
      "33": 4,
      "34": 5,
      "35": 4,
      "36": 4,
      "37": 4,
      "38": 5,
      "39": 8,
      "40": 4,
      "41": 5,
      "42": 3,
      "43": 4,
      "44": 4,
      "45": 4,
      "46": 1,
      "47": 3,
      "48": 2,
      "49": 2,
      "50": 3,
      "51": 1,
      "52": 3,
      "53": 2,
      "54": 3,
      "56": 1,
      "57": 2,
      "60": 1,
      "61": 2,
      "62": 4,
      "63": 1,
      "64": 1,
      "65": 1,
      "68": 1,
      "69": 2,
      "71": 2,
      "73": 1,
      "75": 1,
      "77": 2,
      "80": 1,
      "83": 2,
      "88": 1,
      "90": 1,
      "92": 1,
      "94": 1,
      "95": 1,
      "97": 1,
      "98": 1,
      "100": 2,
      "113": 1,
      "116": 1,
      "120": 1,
      "121": 1,
      "130": 1,
      "134": 1,
      "135": 1,
      "154": 1,
      "190": 1,
      "203": 1,
      "292": 1,
      "302": 1
    },
    "4": {
      "1": 17,
      "2": 7,
      "3": 709,
      "4": 133,
      "5": 116,
      "6": 134,
      "7": 72,
      "8": 74,
      "9": 80,
      "10": 41,
      "11": 115,
      "12": 37,
      "13": 38,
      "14": 34,
      "15": 26,
      "16": 24,
      "17": 15,
      "18": 18,
      "19": 18,
      "20": 16,
      "21": 6,
      "22": 17,
      "23": 13,
      "24": 12,
      "25": 11,
      "26": 5,
      "27": 8,
      "28": 12,
      "29": 6,
      "30": 7,
      "31": 6,
      "32": 14,
      "33": 3,
      "34": 10,
      "35": 3,
      "36": 4,
      "37": 3,
      "38": 5,
      "39": 1,
      "40": 5,
      "41": 4,
      "42": 3,
      "43": 3,
      "44": 1,
      "45": 2,
      "46": 4,
      "47": 1,
      "48": 2,
      "49": 3,
      "50": 3,
      "51": 2,
      "52": 3,
      "53": 1,
      "54": 1,
      "56": 4,
      "57": 2,
      "60": 1,
      "62": 1,
      "64": 1,
      "65": 1,
      "66": 4,
      "67": 3,
      "68": 1,
      "69": 1,
      "70": 1,
      "71": 1,
      "73": 1,
      "81": 1,
      "82": 1,
      "83": 2,
      "87": 1,
      "88": 2,
      "89": 1,
      "93": 1,
      "95": 1,
      "99": 1,
      "100": 2,
      "101": 2,
      "102": 1,
      "103": 1,
      "107": 1,
      "132": 2,
      "135": 1,
      "143": 1,
      "153": 1,
      "173": 1,
      "278": 1
    },
    "5": {
      "1": 46,
      "2": 5,
      "3": 398,
      "4": 109,
      "5": 67,
      "6": 93,
      "7": 76,
      "8": 65,
      "9": 56,
      "10": 41,
      "11": 60,
      "12": 39,
      "13": 31,
      "14": 36,
      "15": 39,
      "16": 18,
      "17": 11,
      "18": 28,
      "19": 13,
      "20": 19,
      "21": 8,
      "22": 9,
      "23": 11,
      "24": 8,
      "25": 12,
      "26": 11,
      "27": 7,
      "28": 5,
      "29": 11,
      "30": 7,
      "31": 4,
      "32": 7,
      "33": 6,
      "34": 5,
      "35": 4,
      "36": 5,
      "37": 4,
      "38": 2,
      "39": 5,
      "40": 5,
      "41": 2,
      "42": 1,
      "43": 2,
      "44": 6,
      "45": 6,
      "46": 6,
      "47": 4,
      "48": 1,
      "49": 1,
      "50": 4,
      "52": 2,
      "53": 3,
      "54": 3,
      "55": 1,
      "56": 2,
      "57": 3,
      "58": 2,
      "59": 1,
      "60": 4,
      "61": 1,
      "62": 3,
      "63": 2,
      "64": 2,
      "65": 1,
      "66": 1,
      "67": 2,
      "68": 1,
      "69": 3,
      "70": 1,
      "71": 1,
      "72": 1,
      "73": 1,
      "75": 1,
      "78": 1,
      "80": 3,
      "84": 2,
      "85": 1,
      "90": 1,
      "96": 2,
      "99": 1,
      "107": 1,
      "108": 1,
      "111": 1,
      "114": 1,
      "116": 1,
      "117": 1,
      "123": 1,
      "124": 1,
      "130": 2,
      "156": 1,
      "169": 1,
      "179": 1,
      "182": 1,
      "196": 1,
      "202": 1,
      "241": 1,
      "250": 1,
      "253": 1,
      "262": 1,
      "272": 1,
      "278": 1,
      "354": 1,
      "719": 1,
      "1926": 1
    },
    "6": {
      "1": 16,
      "3": 159,
      "4": 62,
      "5": 59,
      "6": 62,
      "7": 59,
      "8": 48,
      "9": 37,
      "10": 32,
      "11": 39,
      "12": 19,
      "13": 15,
      "14": 17,
      "15": 18,
      "16": 14,
      "17": 8,
      "18": 14,
      "19": 21,
      "20": 14,
      "21": 9,
      "22": 11,
      "23": 15,
      "24": 9,
      "25": 7,
      "26": 5,
      "27": 6,
      "28": 3,
      "29": 6,
      "30": 4,
      "31": 3,
      "32": 4,
      "33": 2,
      "34": 7,
      "35": 1,
      "36": 1,
      "37": 7,
      "38": 1,
      "39": 1,
      "40": 1,
      "41": 3,
      "42": 2,
      "43": 3,
      "44": 5,
      "45": 3,
      "47": 2,
      "48": 1,
      "49": 1,
      "50": 1,
      "51": 2,
      "52": 1,
      "53": 1,
      "54": 1,
      "56": 2,
      "57": 1,
      "59": 1,
      "60": 2,
      "61": 3,
      "62": 1,
      "63": 1,
      "64": 1,
      "67": 5,
      "71": 1,
      "72": 1,
      "76": 2,
      "77": 2,
      "83": 1,
      "87": 1,
      "91": 1,
      "92": 1,
      "93": 1,
      "98": 1,
      "101": 1,
      "102": 1,
      "103": 1,
      "106": 1,
      "107": 2,
      "113": 1,
      "117": 1,
      "125": 1,
      "163": 1,
      "224": 1,
      "225": 1
    },
    "7": {
      "1": 7,
      "3": 92,
      "4": 42,
      "5": 26,
      "6": 42,
      "7": 44,
      "8": 28,
      "9": 37,
      "10": 22,
      "11": 22,
      "12": 25,
      "13": 36,
      "14": 14,
      "15": 15,
      "16": 13,
      "17": 11,
      "18": 12,
      "19": 8,
      "20": 10,
      "21": 5,
      "22": 8,
      "23": 4,
      "24": 19,
      "25": 6,
      "26": 5,
      "27": 6,
      "28": 5,
      "29": 8,
      "30": 2,
      "31": 11,
      "32": 4,
      "33": 4,
      "34": 3,
      "35": 5,
      "36": 5,
      "37": 4,
      "38": 3,
      "39": 2,
      "40": 10,
      "41": 2,
      "42": 3,
      "43": 3,
      "44": 6,
      "45": 6,
      "47": 2,
      "48": 5,
      "49": 8,
      "50": 8,
      "51": 4,
      "52": 4,
      "53": 2,
      "54": 4,
      "55": 3,
      "56": 1,
      "57": 3,
      "58": 2,
      "59": 4,
      "61": 1,
      "62": 2,
      "63": 1,
      "64": 3,
      "66": 2,
      "68": 4,
      "69": 2,
      "70": 1,
      "71": 3,
      "73": 4,
      "74": 5,
      "75": 1,
      "78": 1,
      "79": 3,
      "80": 1,
      "81": 1,
      "82": 1,
      "83": 2,
      "84": 1,
      "86": 2,
      "88": 1,
      "90": 2,
      "91": 1,
      "94": 2,
      "96": 2,
      "98": 1,
      "99": 2,
      "104": 1,
      "105": 1,
      "109": 1,
      "110": 1,
      "112": 1,
      "113": 1,
      "115": 3,
      "118": 2,
      "130": 1,
      "131": 1,
      "133": 2,
      "135": 1,
      "137": 1,
      "138": 1,
      "145": 2,
      "147": 3,
      "148": 1,
      "154": 2,
      "155": 1,
      "161": 1,
      "168": 1,
      "169": 1,
      "175": 1,
      "191": 1,
      "202": 3,
      "255": 1,
      "259": 1,
      "264": 2,
      "274": 1,
      "276": 1,
      "282": 1,
      "295": 1,
      "297": 1,
      "298": 1,
      "327": 1,
      "468": 1
    },
    "8": {
      "3": 42,
      "4": 24,
      "5": 58,
      "6": 22,
      "7": 16,
      "8": 22,
      "9": 22,
      "10": 18,
      "11": 17,
      "12": 14,
      "13": 16,
      "14": 13,
      "15": 14,
      "16": 13,
      "17": 17,
      "18": 8,
      "19": 3,
      "20": 9,
      "21": 7,
      "22": 8,
      "23": 7,
      "24": 7,
      "25": 12,
      "26": 3,
      "27": 8,
      "28": 4,
      "29": 5,
      "30": 3,
      "31": 4,
      "32": 2,
      "33": 4,
      "34": 2,
      "35": 2,
      "36": 2,
      "37": 4,
      "38": 3,
      "39": 3,
      "40": 3,
      "41": 2,
      "42": 3,
      "43": 3,
      "44": 3,
      "45": 2,
      "47": 1,
      "49": 2,
      "50": 1,
      "52": 1,
      "54": 2,
      "57": 1,
      "59": 4,
      "60": 1,
      "64": 1,
      "65": 2,
      "67": 1,
      "74": 1,
      "75": 1,
      "77": 1,
      "78": 2,
      "79": 3,
      "84": 1,
      "123": 1,
      "129": 1,
      "140": 1,
      "198": 1,
      "247": 1,
      "270": 1,
      "301": 1,
      "347": 1
    },
    "9": {
      "3": 28,
      "4": 8,
      "5": 24,
      "6": 19,
      "7": 16,
      "8": 15,
      "9": 14,
      "10": 11,
      "11": 12,
      "12": 10,
      "13": 12,
      "14": 13,
      "15": 6,
      "16": 5,
      "17": 7,
      "18": 5,
      "19": 7,
      "20": 6,
      "21": 7,
      "22": 3,
      "23": 3,
      "24": 7,
      "25": 5,
      "26": 5,
      "27": 2,
      "28": 2,
      "29": 1,
      "30": 6,
      "31": 4,
      "32": 1,
      "33": 1,
      "34": 1,
      "35": 3,
      "36": 3,
      "37": 1,
      "38": 2,
      "39": 2,
      "40": 3,
      "41": 3,
      "42": 1,
      "44": 1,
      "45": 2,
      "46": 1,
      "47": 2,
      "48": 2,
      "56": 1,
      "57": 2,
      "58": 1,
      "60": 1,
      "64": 2,
      "66": 1,
      "70": 1,
      "95": 1,
      "98": 1,
      "104": 1,
      "116": 1,
      "138": 1,
      "143": 1,
      "164": 1,
      "172": 1,
      "179": 1,
      "220": 1,
      "299": 1
    },
    "10": {
      "3": 17,
      "4": 10,
      "5": 14,
      "6": 10,
      "7": 17,
      "8": 23,
      "9": 22,
      "10": 3,
      "11": 9,
      "12": 7,
      "13": 9,
      "14": 6,
      "15": 3,
      "16": 4,
      "17": 5,
      "18": 3,
      "19": 5,
      "20": 3,
      "21": 2,
      "22": 2,
      "23": 2,
      "24": 1,
      "25": 3,
      "26": 4,
      "27": 1,
      "28": 1,
      "29": 2,
      "30": 4,
      "31": 2,
      "32": 3,
      "34": 2,
      "35": 4,
      "36": 1,
      "37": 1,
      "38": 2,
      "39": 1,
      "40": 3,
      "41": 1,
      "43": 1,
      "44": 1,
      "45": 1,
      "46": 3,
      "47": 1,
      "48": 1,
      "51": 1,
      "53": 1,
      "54": 2,
      "56": 1,
      "57": 1,
      "58": 1,
      "60": 1,
      "61": 1,
      "66": 2,
      "67": 1,
      "74": 1,
      "79": 1,
      "80": 1,
      "84": 1,
      "86": 1,
      "90": 1,
      "103": 2,
      "136": 1,
      "138": 1,
      "157": 1,
      "284": 1,
      "300": 1,
      "309": 1,
      "666": 1
    },
    "11": {
      "1": 1,
      "3": 10,
      "4": 12,
      "5": 7,
      "6": 13,
      "7": 10,
      "8": 9,
      "9": 13,
      "10": 6,
      "11": 10,
      "12": 6,
      "13": 10,
      "14": 4,
      "15": 4,
      "16": 4,
      "17": 6,
      "18": 2,
      "19": 1,
      "20": 6,
      "21": 4,
      "22": 5,
      "23": 3,
      "24": 3,
      "25": 3,
      "26": 1,
      "27": 4,
      "28": 3,
      "30": 4,
      "31": 1,
      "32": 3,
      "33": 4,
      "34": 2,
      "35": 3,
      "36": 2,
      "37": 2,
      "38": 3,
      "39": 2,
      "40": 3,
      "41": 3,
      "42": 2,
      "43": 3,
      "46": 1,
      "47": 2,
      "48": 1,
      "49": 2,
      "50": 2,
      "51": 2,
      "52": 2,
      "55": 1,
      "57": 1,
      "59": 1,
      "61": 1,
      "62": 1,
      "63": 2,
      "64": 1,
      "69": 1,
      "72": 1,
      "77": 1,
      "78": 1,
      "85": 1,
      "94": 1,
      "97": 1,
      "99": 1,
      "108": 1,
      "128": 2,
      "132": 1,
      "195": 1,
      "197": 1,
      "237": 1
    },
    "12": {
      "3": 7,
      "4": 4,
      "5": 9,
      "6": 7,
      "7": 7,
      "8": 13,
      "9": 7,
      "10": 5,
      "11": 12,
      "12": 4,
      "13": 2,
      "14": 5,
      "15": 3,
      "16": 3,
      "17": 4,
      "18": 5,
      "19": 4,
      "20": 3,
      "21": 4,
      "22": 1,
      "23": 1,
      "24": 2,
      "26": 4,
      "27": 1,
      "28": 2,
      "29": 2,
      "30": 3,
      "31": 1,
      "32": 3,
      "33": 1,
      "34": 1,
      "35": 1,
      "36": 3,
      "37": 1,
      "39": 1,
      "40": 2,
      "41": 1,
      "44": 1,
      "46": 2,
      "49": 1,
      "50": 1,
      "51": 1,
      "52": 1,
      "58": 1,
      "61": 1,
      "63": 2,
      "66": 1,
      "67": 1,
      "68": 1,
      "70": 2,
      "75": 1,
      "78": 1,
      "83": 1,
      "84": 1,
      "89": 1,
      "99": 1,
      "103": 1,
      "114": 1,
      "126": 1,
      "149": 1,
      "159": 1,
      "214": 1,
      "278": 1,
      "347": 1
    },
    "13": {
      "3": 4,
      "4": 2,
      "5": 11,
      "6": 1,
      "7": 4,
      "8": 6,
      "9": 8,
      "10": 4,
      "11": 6,
      "12": 3,
      "13": 5,
      "14": 3,
      "15": 2,
      "16": 2,
      "17": 7,
      "18": 4,
      "19": 4,
      "20": 3,
      "21": 4,
      "22": 1,
      "23": 1,
      "24": 1,
      "25": 2,
      "27": 1,
      "28": 3,
      "29": 2,
      "30": 1,
      "31": 2,
      "32": 1,
      "34": 3,
      "35": 1,
      "36": 2,
      "37": 1,
      "39": 1,
      "40": 1,
      "41": 1,
      "44": 1,
      "46": 2,
      "47": 2,
      "50": 1,
      "53": 1,
      "57": 1,
      "60": 1,
      "62": 1,
      "63": 2,
      "69": 1,
      "74": 1,
      "78": 1,
      "85": 1,
      "91": 1,
      "95": 1,
      "98": 1,
      "124": 1,
      "146": 1,
      "394": 1
    },
    "14": {
      "3": 2,
      "4": 6,
      "5": 7,
      "6": 2,
      "7": 3,
      "8": 4,
      "9": 2,
      "10": 3,
      "11": 2,
      "12": 4,
      "13": 2,
      "14": 4,
      "15": 1,
      "16": 6,
      "17": 1,
      "18": 5,
      "19": 3,
      "21": 3,
      "22": 1,
      "23": 1,
      "24": 2,
      "25": 2,
      "26": 1,
      "27": 2,
      "28": 1,
      "29": 4,
      "30": 1,
      "32": 1,
      "34": 1,
      "35": 2,
      "36": 1,
      "37": 1,
      "42": 1,
      "44": 2,
      "49": 1,
      "50": 1,
      "51": 2,
      "64": 2,
      "65": 1,
      "70": 1,
      "74": 1,
      "81": 1,
      "89": 1,
      "132": 1,
      "276": 1
    },
    "15": {
      "3": 3,
      "4": 1,
      "5": 1,
      "6": 4,
      "8": 5,
      "9": 8,
      "10": 6,
      "11": 3,
      "12": 1,
      "14": 2,
      "15": 3,
      "17": 2,
      "18": 1,
      "19": 1,
      "20": 1,
      "22": 1,
      "23": 1,
      "24": 2,
      "26": 1,
      "27": 1,
      "29": 1,
      "30": 2,
      "31": 3,
      "32": 1,
      "34": 2,
      "35": 1,
      "36": 3,
      "37": 2,
      "38": 1,
      "39": 1,
      "42": 1,
      "43": 1,
      "51": 2,
      "52": 1,
      "55": 2,
      "56": 1,
      "59": 1,
      "60": 1,
      "64": 1,
      "65": 1,
      "66": 1,
      "68": 1,
      "77": 1,
      "106": 1,
      "113": 1,
      "126": 1,
      "192": 1,
      "223": 1,
      "227": 1
    },
    "16": {
      "3": 1,
      "4": 2,
      "5": 1,
      "6": 1,
      "7": 2,
      "11": 1,
      "13": 2,
      "14": 1,
      "16": 1,
      "17": 1,
      "18": 2,
      "19": 1,
      "24": 2,
      "25": 2,
      "26": 1,
      "28": 1,
      "32": 1,
      "33": 1,
      "35": 2,
      "38": 3,
      "39": 1,
      "40": 1,
      "42": 1,
      "45": 1,
      "49": 1,
      "52": 1,
      "53": 1,
      "54": 1,
      "57": 1,
      "59": 1,
      "62": 1,
      "66": 2,
      "70": 1,
      "73": 1,
      "86": 1,
      "87": 1,
      "93": 2,
      "101": 1,
      "102": 2,
      "104": 1,
      "125": 1,
      "161": 1,
      "175": 1,
      "210": 1,
      "267": 1
    },
    "17": {
      "2": 1,
      "5": 1,
      "11": 1,
      "16": 1,
      "20": 1,
      "23": 1,
      "24": 2,
      "30": 2,
      "31": 1,
      "34": 2,
      "36": 2,
      "38": 1,
      "41": 1,
      "42": 2,
      "48": 2,
      "50": 1,
      "55": 1,
      "63": 1,
      "90": 1,
      "94": 1,
      "163": 1,
      "1741": 1
    },
    "18": {
      "3": 1,
      "4": 1,
      "5": 1,
      "7": 1,
      "8": 2,
      "10": 1,
      "14": 1,
      "17": 1,
      "18": 1,
      "21": 3,
      "25": 1,
      "26": 1,
      "27": 1,
      "28": 2,
      "30": 1,
      "34": 1,
      "35": 1,
      "38": 1,
      "40": 1,
      "42": 2,
      "51": 1,
      "54": 1,
      "55": 1,
      "56": 1,
      "64": 1,
      "79": 3,
      "84": 1,
      "101": 1
    },
    "19": {
      "7": 1,
      "8": 1,
      "12": 1,
      "13": 1,
      "16": 1,
      "18": 1,
      "20": 1,
      "27": 1,
      "30": 1,
      "33": 1,
      "39": 1,
      "40": 1,
      "43": 1,
      "44": 1,
      "46": 1,
      "48": 1,
      "50": 1,
      "51": 1,
      "53": 1,
      "54": 1,
      "55": 1,
      "64": 1,
      "69": 1,
      "82": 1,
      "83": 1,
      "89": 1,
      "91": 1,
      "105": 1
    },
    "20": {
      "12": 1,
      "18": 1,
      "19": 1,
      "20": 1,
      "21": 1,
      "22": 1,
      "23": 1,
      "24": 1,
      "25": 1,
      "26": 1,
      "29": 1,
      "32": 1,
      "34": 1,
      "38": 1,
      "39": 2,
      "40": 1,
      "71": 1,
      "73": 1,
      "80": 1,
      "89": 1,
      "93": 1,
      "138": 1,
      "547": 1
    },
    "21": {
      "3": 2,
      "6": 1,
      "8": 1,
      "15": 1,
      "18": 1,
      "24": 2,
      "26": 1,
      "31": 1,
      "32": 1,
      "40": 1,
      "51": 1,
      "52": 1,
      "54": 1,
      "57": 1,
      "59": 1,
      "61": 3,
      "65": 1,
      "74": 1,
      "77": 1,
      "102": 1,
      "109": 1,
      "168": 1,
      "232": 1
    },
    "22": {
      "19": 1,
      "21": 1,
      "22": 1,
      "25": 3,
      "41": 1,
      "85": 1,
      "86": 1,
      "189": 1
    },
    "23": {
      "4": 1,
      "9": 1,
      "16": 2,
      "22": 1,
      "23": 1,
      "47": 1,
      "96": 1,
      "111": 1,
      "143": 1,
      "146": 2,
      "263": 1
    },
    "24": {
      "9": 1,
      "11": 1,
      "17": 1,
      "18": 1,
      "27": 1,
      "39": 1,
      "40": 1,
      "87": 1,
      "100": 1,
      "115": 1,
      "117": 1
    },
    "25": {
      "7": 1,
      "9": 1,
      "16": 1,
      "27": 1,
      "30": 1,
      "31": 1,
      "53": 1,
      "56": 1,
      "58": 1,
      "64": 1,
      "99": 1
    },
    "26": {
      "27": 1,
      "34": 1,
      "85": 1,
      "113": 1,
      "124": 1,
      "407": 1
    },
    "27": {
      "17": 1,
      "21": 1,
      "29": 1,
      "36": 1,
      "79": 1,
      "86": 1,
      "128": 1,
      "225": 1
    },
    "28": {
      "3": 1,
      "17": 1,
      "23": 2,
      "63": 1,
      "76": 1,
      "82": 1,
      "107": 1,
      "181": 1
    },
    "29": {
      "10": 1,
      "15": 1,
      "16": 1,
      "21": 1,
      "22": 1,
      "23": 1,
      "26": 1,
      "33": 1,
      "35": 1,
      "39": 2,
      "43": 1
    },
    "30": {
      "36": 1,
      "37": 2,
      "53": 1,
      "81": 1
    },
    "32": {
      "60": 1,
      "91": 1
    },
    "34": {
      "20": 1,
      "64": 1,
      "66": 1,
      "83": 1,
      "374": 1
    },
    "35": {
      "23": 1,
      "25": 1
    },
    "36": {
      "66": 1,
      "131": 1
    },
    "37": {
      "4": 1
    },
    "38": {
      "39": 1,
      "180": 1,
      "203": 1,
      "206": 1
    },
    "39": {
      "38": 1,
      "43": 1
    },
    "40": {
      "233": 1
    },
    "41": {
      "85": 1,
      "86": 1,
      "287": 1
    },
    "42": {
      "42": 1
    },
    "43": {
      "44": 1,
      "180": 1
    },
    "44": {
      "59": 1
    },
    "47": {
      "135": 1
    },
    "50": {
      "472": 1
    },
    "63": {
      "94": 1
    },
    "67": {
      "511": 1
    }
  }
}