{
  "repo": "junit4",
  "totalMethods": 1107,
  "totalHistoryEquals1": 344,
  "totalHistory2To5": 526,
  "totalHistory6To10": 177,
  "totalHistoryGt10": 60,
  "totalHistoryCount": {
    "0": 16,
    "1": 344,
    "2": 143,
    "3": 157,
    "4": 106,
    "5": 104,
    "6": 59,
    "7": 49,
    "8": 32,
    "9": 18,
    "10": 19,
    "11": 11,
    "12": 10,
    "13": 17,
    "14": 4,
    "15": 5,
    "16": 4,
    "17": 2,
    "19": 1,
    "20": 2,
    "29": 1,
    "35": 2,
    "71": 1
  },
  "avgSizeShovel": 3.857271906052394,
  "avgSizeBase": 8.21951219512195,
  "medianSizeShovel": 3,
  "medianSizeBase": 3,
  "changeStats": {
    "Yfilerename": 972,
    "Ybodychange": 1987,
    "Yintroduced": 1042,
    "Yparameterchange": 337,
    "Ymodifierchange": 216,
    "Yreturntypechange": 145,
    "Yrename": 138,
    "Ymovefromfile": 167,
    "Yexceptionschange": 77,
    "Yparametermetachange": 15
  },
  "countSmallMethodsForOneChange": 184,
  "countSmallMethodsForMoreThanOneChange": 373,
  "avgMethodSizeOneChange": 5.825581395348837,
  "avgMethodsMoreThanOneChange": 6.682830930537353,
  "statsMethodsOneChange": {
    "setters": 1,
    "getters": 42,
    "tests": 9
  },
  "methodSizeStatsLeftNumChangesRightNumLinesNumMethods": {
    "0": {
      "3": 7,
      "4": 3,
      "7": 1,
      "8": 1,
      "9": 1,
      "14": 1,
      "18": 2
    },
    "1": {
      "2": 3,
      "3": 174,
      "4": 30,
      "5": 19,
      "6": 12,
      "7": 21,
      "8": 25,
      "9": 7,
      "10": 7,
      "11": 10,
      "12": 6,
      "13": 2,
      "14": 3,
      "15": 10,
      "16": 3,
      "17": 3,
      "18": 1,
      "21": 2,
      "22": 2,
      "23": 1,
      "25": 1,
      "28": 1,
      "30": 1
    },
    "2": {
      "2": 4,
      "3": 83,
      "4": 9,
      "5": 13,
      "6": 7,
      "7": 6,
      "8": 3,
      "9": 6,
      "10": 1,
      "11": 1,
      "12": 2,
      "13": 1,
      "14": 1,
      "15": 1,
      "16": 1,
      "18": 1,
      "22": 1,
      "25": 1,
      "28": 1
    },
    "3": {
      "2": 11,
      "3": 90,
      "4": 14,
      "5": 7,
      "6": 3,
      "7": 4,
      "8": 7,
      "9": 1,
      "10": 3,
      "11": 8,
      "12": 2,
      "14": 1,
      "16": 2,
      "18": 1,
      "20": 1,
      "26": 1,
      "62": 1
    },
    "4": {
      "2": 10,
      "3": 50,
      "4": 8,
      "5": 5,
      "6": 10,
      "7": 2,
      "8": 6,
      "9": 4,
      "10": 2,
      "11": 3,
      "12": 1,
      "13": 2,
      "19": 1,
      "20": 2
    },
    "5": {
      "3": 52,
      "4": 8,
      "5": 4,
      "6": 3,
      "7": 7,
      "8": 5,
      "9": 2,
      "10": 1,
      "11": 3,
      "12": 4,
      "13": 2,
      "14": 2,
      "15": 2,
      "16": 2,
      "17": 2,
      "20": 1,
      "22": 1,
      "24": 1,
      "32": 1,
      "36": 1
    },
    "6": {
      "3": 23,
      "4": 4,
      "5": 4,
      "6": 6,
      "7": 4,
      "8": 2,
      "9": 3,
      "10": 3,
      "11": 2,
      "12": 1,
      "13": 1,
      "15": 1,
      "16": 1,
      "18": 1,
      "21": 1,
      "30": 1,
      "31": 1
    },
    "7": {
      "2": 2,
      "3": 14,
      "4": 3,
      "5": 2,
      "6": 3,
      "7": 1,
      "8": 4,
      "9": 3,
      "10": 1,
      "11": 3,
      "12": 3,
      "14": 1,
      "16": 1,
      "17": 3,
      "20": 1,
      "21": 1,
      "22": 1,
      "23": 1,
      "36": 1
    },
    "8": {
      "3": 9,
      "4": 3,
      "5": 2,
      "6": 2,
      "7": 4,
      "8": 2,
      "9": 2,
      "11": 1,
      "12": 1,
      "13": 2,
      "15": 2,
      "18": 1,
      "26": 1
    },
    "9": {
      "2": 1,
      "3": 6,
      "6": 2,
      "10": 1,
      "15": 3,
      "16": 2,
      "17": 1,
      "20": 2
    },
    "10": {
      "3": 9,
      "4": 2,
      "5": 1,
      "6": 1,
      "7": 1,
      "8": 1,
      "13": 1,
      "14": 1,
      "19": 1,
      "33": 1
    },
    "11": {
      "3": 3,
      "6": 1,
      "13": 1,
      "15": 2,
      "20": 1,
      "26": 1,
      "31": 1,
      "48": 1
    },
    "12": {
      "3": 1,
      "7": 2,
      "10": 1,
      "11": 1,
      "13": 1,
      "14": 1,
      "24": 1,
      "26": 1,
      "35": 1
    },
    "13": {
      "3": 3,
      "4": 1,
      "7": 1,
      "8": 1,
      "9": 3,
      "10": 2,
      "11": 2,
      "12": 1,
      "16": 1,
      "18": 1,
      "27": 1
    },
    "14": {
      "14": 1,
      "17": 1,
      "19": 1,
      "24": 1
    },
    "15": {
      "3": 1,
      "6": 1,
      "8": 1,
      "11": 1,
      "13": 1
    },
    "16": {
      "9": 1,
      "12": 1,
      "14": 2
    },
    "17": {
      "6": 1,
      "19": 1
    },
    "19": {
      "11": 1
    },
    "20": {
      "10": 1,
      "12": 1
    },
    "29": {
      "21": 1
    },
    "35": {
      "14": 1,
      "46": 1
    },
    "71": {
      "3": 1
    }
  }
}