{
  "repo": "commons-io",
  "totalMethods": 996,
  "totalHistoryEquals1": 71,
  "totalHistory2To5": 685,
  "totalHistory6To10": 197,
  "totalHistoryGt10": 43,
  "totalHistoryCount": {
    "1": 71,
    "2": 153,
    "3": 227,
    "4": 187,
    "5": 118,
    "6": 68,
    "7": 67,
    "8": 29,
    "9": 21,
    "10": 12,
    "11": 10,
    "12": 9,
    "13": 7,
    "14": 3,
    "15": 5,
    "16": 5,
    "18": 1,
    "20": 1,
    "21": 1,
    "23": 1
  },
  "avgSizeShovel": 4.419678714859438,
  "avgSizeBase": 1.9246987951807228,
  "medianSizeShovel": 4,
  "medianSizeBase": 1,
  "changeStats": {
    "Ybodychange": 1775,
    "Yparametermetachange": 781,
    "Yfilerename": 917,
    "Yintroduced": 997,
    "Ymovefromfile": 79,
    "Yparameterchange": 268,
    "Yreturntypechange": 64,
    "Yexceptionschange": 25,
    "Yrename": 69,
    "Ymodifierchange": 70
  },
  "countSmallMethodsForOneChange": 35,
  "countSmallMethodsForMoreThanOneChange": 355,
  "avgMethodSizeOneChange": 6.943661971830986,
  "avgMethodsMoreThanOneChange": 7.908108108108108,
  "statsMethodsOneChange": {
    "setters": 1,
    "getters": 18,
    "tests": 0
  },
  "methodSizeStatsLeftNumChangesRightNumLinesNumMethods": {
    "1": {
      "2": 2,
      "3": 33,
      "4": 4,
      "5": 4,
      "6": 2,
      "7": 2,
      "8": 1,
      "9": 2,
      "10": 3,
      "11": 6,
      "12": 4,
      "17": 3,
      "18": 1,
      "19": 1,
      "22": 2,
      "26": 1
    },
    "2": {
      "1": 2,
      "2": 2,
      "3": 79,
      "4": 19,
      "5": 8,
      "6": 4,
      "7": 5,
      "8": 11,
      "9": 5,
      "10": 2,
      "12": 2,
      "13": 3,
      "14": 2,
      "15": 1,
      "17": 3,
      "19": 2,
      "22": 1,
      "25": 2
    },
    "3": {
      "1": 3,
      "2": 9,
      "3": 106,
      "4": 20,
      "5": 22,
      "6": 22,
      "7": 4,
      "8": 6,
      "9": 4,
      "10": 7,
      "11": 4,
      "12": 3,
      "13": 3,
      "15": 2,
      "16": 1,
      "17": 5,
      "19": 3,
      "22": 1,
      "25": 1,
      "62": 1
    },
    "4": {
      "2": 9,
      "3": 71,
      "4": 22,
      "5": 16,
      "6": 10,
      "7": 10,
      "8": 5,
      "9": 6,
      "10": 8,
      "11": 3,
      "12": 2,
      "13": 3,
      "15": 8,
      "16": 5,
      "17": 1,
      "18": 1,
      "20": 1,
      "22": 1,
      "25": 1,
      "31": 1,
      "32": 1,
      "43": 1,
      "53": 1
    },
    "5": {
      "3": 28,
      "4": 17,
      "5": 13,
      "6": 9,
      "7": 12,
      "8": 6,
      "9": 1,
      "10": 5,
      "11": 2,
      "12": 1,
      "13": 7,
      "14": 1,
      "15": 2,
      "16": 4,
      "17": 2,
      "20": 1,
      "23": 2,
      "26": 1,
      "28": 1,
      "29": 1,
      "31": 1,
      "48": 1
    },
    "6": {
      "3": 16,
      "4": 6,
      "5": 2,
      "6": 3,
      "7": 8,
      "8": 7,
      "9": 10,
      "10": 1,
      "11": 3,
      "12": 1,
      "13": 1,
      "14": 1,
      "15": 2,
      "17": 1,
      "22": 2,
      "24": 1,
      "25": 1,
      "32": 1,
      "34": 1
    },
    "7": {
      "3": 14,
      "4": 5,
      "5": 2,
      "6": 4,
      "7": 3,
      "8": 4,
      "9": 6,
      "10": 1,
      "11": 6,
      "12": 1,
      "13": 3,
      "14": 4,
      "15": 6,
      "16": 2,
      "18": 2,
      "20": 1,
      "27": 1,
      "28": 1,
      "46": 1
    },
    "8": {
      "3": 4,
      "4": 7,
      "5": 3,
      "6": 2,
      "7": 3,
      "10": 1,
      "11": 2,
      "16": 1,
      "18": 1,
      "21": 3,
      "24": 1,
      "46": 1
    },
    "9": {
      "3": 2,
      "4": 2,
      "5": 1,
      "6": 1,
      "8": 1,
      "10": 1,
      "11": 2,
      "12": 2,
      "15": 1,
      "16": 4,
      "17": 1,
      "21": 1,
      "22": 1,
      "24": 1
    },
    "10": {
      "3": 2,
      "4": 1,
      "5": 1,
      "6": 1,
      "9": 1,
      "10": 1,
      "15": 1,
      "17": 3,
      "24": 1
    },
    "11": {
      "3": 2,
      "5": 1,
      "7": 1,
      "14": 1,
      "18": 1,
      "20": 1,
      "21": 1,
      "24": 1,
      "31": 1
    },
    "12": {
      "3": 4,
      "4": 1,
      "11": 1,
      "15": 1,
      "58": 1,
      "67": 1
    },
    "13": {
      "3": 2,
      "4": 2,
      "6": 1,
      "21": 1,
      "36": 1
    },
    "14": {
      "12": 1,
      "27": 1,
      "81": 1
    },
    "15": {
      "4": 2,
      "20": 1,
      "30": 1,
      "44": 1
    },
    "16": {
      "10": 1,
      "17": 1,
      "47": 1,
      "56": 1,
      "95": 1
    },
    "18": {
      "34": 1
    },
    "20": {
      "81": 1
    },
    "21": {
      "91": 1
    },
    "23": {
      "34": 1
    }
  }
}