{
  "repo": "jetty",
  "totalMethods": 11522,
  "totalHistoryEquals1": 4072,
  "totalHistory2To5": 6151,
  "totalHistory6To10": 916,
  "totalHistoryGt10": 383,
  "totalHistoryCount": {
    "0": 1612,
    "1": 4072,
    "2": 2133,
    "3": 1201,
    "4": 740,
    "5": 465,
    "6": 311,
    "7": 230,
    "8": 145,
    "9": 139,
    "10": 91,
    "11": 61,
    "12": 60,
    "13": 44,
    "14": 27,
    "15": 25,
    "16": 28,
    "17": 19,
    "18": 16,
    "19": 12,
    "20": 14,
    "21": 8,
    "22": 3,
    "23": 8,
    "24": 5,
    "25": 6,
    "26": 6,
    "27": 3,
    "28": 2,
    "29": 4,
    "30": 1,
    "31": 2,
    "32": 4,
    "33": 1,
    "34": 4,
    "35": 1,
    "36": 1,
    "39": 4,
    "40": 1,
    "41": 2,
    "42": 1,
    "43": 1,
    "45": 2,
    "47": 1,
    "50": 1,
    "51": 1,
    "59": 1,
    "76": 1,
    "92": 1,
    "94": 1
  },
  "avgSizeShovel": 2.6718451657698314,
  "avgSizeBase": 2.802898802291269,
  "medianSizeShovel": 2,
  "medianSizeBase": 1,
  "changeStats": {
    "Yintroduced": 9381,
    "Ybodychange": 17080,
    "Yparameterchange": 1457,
    "Ymovefromfile": 1454,
    "Yparametermetachange": 69,
    "Yfilerename": 2644,
    "Yrename": 863,
    "Yreturntypechange": 877,
    "Ymodifierchange": 596,
    "Yexceptionschange": 227
  },
  "countSmallMethodsForOneChange": 134,
  "countSmallMethodsForMoreThanOneChange": 83,
  "avgMethodSizeOneChange": 7.3818762278978385,
  "avgMethodsMoreThanOneChange": 15.11986577181208,
  "statsMethodsOneChange": {
    "setters": 11,
    "getters": 8,
    "tests": 5
  },
  "methodSizeStatsLeftNumChangesRightNumLinesNumMethods": {
    "0": {
      "1": 6,
      "3": 27,
      "4": 814,
      "5": 93,
      "6": 85,
      "7": 70,
      "8": 44,
      "9": 39,
      "10": 38,
      "11": 35,
      "12": 29,
      "13": 16,
      "14": 31,
      "15": 23,
      "16": 21,
      "17": 18,
      "18": 17,
      "19": 9,
      "20": 14,
      "21": 9,
      "22": 18,
      "23": 11,
      "24": 9,
      "25": 6,
      "26": 4,
      "27": 10,
      "28": 6,
      "29": 3,
      "30": 9,
      "31": 12,
      "33": 4,
      "34": 7,
      "35": 6,
      "36": 4,
      "37": 2,
      "38": 5,
      "39": 1,
      "40": 3,
      "41": 3,
      "42": 2,
      "43": 2,
      "44": 3,
      "45": 2,
      "46": 3,
      "47": 1,
      "48": 4,
      "49": 1,
      "50": 2,
      "51": 4,
      "53": 1,
      "57": 1,
      "58": 2,
      "60": 1,
      "62": 1,
      "65": 1,
      "66": 1,
      "67": 1,
      "73": 1,
      "74": 1,
      "77": 1,
      "87": 1,
      "91": 1,
      "94": 1,
      "96": 1,
      "97": 1,
      "103": 1,
      "104": 2,
      "108": 1,
      "109": 2,
      "122": 1,
      "169": 1,
      "183": 1,
      "202": 1,
      "330": 1
    },
    "1": {
      "1": 24,
      "2": 2,
      "3": 75,
      "4": 2484,
      "5": 304,
      "6": 177,
      "7": 142,
      "8": 104,
      "9": 74,
      "10": 58,
      "11": 79,
      "12": 65,
      "13": 50,
      "14": 37,
      "15": 39,
      "16": 44,
      "17": 33,
      "18": 28,
      "19": 26,
      "20": 12,
      "21": 21,
      "22": 19,
      "23": 14,
      "24": 11,
      "25": 15,
      "26": 8,
      "27": 7,
      "28": 13,
      "29": 4,
      "30": 7,
      "31": 6,
      "32": 3,
      "33": 6,
      "34": 8,
      "35": 5,
      "36": 6,
      "37": 9,
      "38": 1,
      "39": 1,
      "40": 2,
      "41": 1,
      "42": 1,
      "44": 3,
      "45": 1,
      "47": 3,
      "48": 3,
      "49": 1,
      "51": 1,
      "52": 3,
      "53": 1,
      "55": 3,
      "56": 1,
      "58": 2,
      "63": 2,
      "67": 1,
      "68": 1,
      "69": 3,
      "72": 3,
      "73": 3,
      "74": 1,
      "83": 1,
      "93": 2,
      "97": 1,
      "103": 1,
      "120": 1,
      "127": 1,
      "134": 1,
      "191": 1,
      "198": 1,
      "364": 1
    },
    "2": {
      "3": 29,
      "4": 1095,
      "5": 147,
      "6": 95,
      "7": 88,
      "8": 65,
      "9": 48,
      "10": 43,
      "11": 47,
      "12": 52,
      "13": 36,
      "14": 35,
      "15": 31,
      "16": 32,
      "17": 28,
      "18": 19,
      "19": 21,
      "20": 19,
      "21": 20,
      "22": 12,
      "23": 9,
      "24": 8,
      "25": 6,
      "26": 5,
      "27": 9,
      "28": 7,
      "29": 10,
      "30": 6,
      "31": 4,
      "32": 2,
      "33": 13,
      "34": 4,
      "35": 3,
      "36": 6,
      "37": 6,
      "38": 6,
      "39": 3,
      "40": 4,
      "41": 2,
      "42": 2,
      "43": 2,
      "44": 2,
      "46": 3,
      "47": 3,
      "49": 2,
      "50": 1,
      "51": 1,
      "52": 1,
      "53": 2,
      "54": 2,
      "55": 2,
      "56": 2,
      "57": 4,
      "59": 1,
      "60": 1,
      "61": 1,
      "62": 2,
      "63": 1,
      "64": 1,
      "65": 1,
      "68": 1,
      "69": 2,
      "70": 1,
      "72": 2,
      "73": 3,
      "76": 1,
      "81": 1,
      "86": 1,
      "87": 2,
      "104": 1,
      "105": 1,
      "107": 1,
      "110": 1,
      "123": 1,
      "125": 1,
      "126": 1
    },
    "3": {
      "3": 20,
      "4": 441,
      "5": 84,
      "6": 68,
      "7": 62,
      "8": 49,
      "9": 45,
      "10": 31,
      "11": 44,
      "12": 30,
      "13": 23,
      "14": 26,
      "15": 26,
      "16": 20,
      "17": 17,
      "18": 14,
      "19": 12,
      "20": 12,
      "21": 11,
      "22": 11,
      "23": 6,
      "24": 4,
      "25": 11,
      "26": 1,
      "27": 8,
      "28": 9,
      "29": 9,
      "30": 3,
      "31": 11,
      "32": 4,
      "33": 4,
      "34": 5,
      "35": 5,
      "36": 2,
      "37": 3,
      "38": 4,
      "39": 8,
      "40": 2,
      "41": 5,
      "42": 2,
      "43": 3,
      "45": 3,
      "46": 2,
      "48": 1,
      "49": 1,
      "50": 2,
      "54": 1,
      "58": 3,
      "59": 1,
      "60": 3,
      "61": 1,
      "62": 1,
      "63": 1,
      "64": 2,
      "65": 1,
      "66": 3,
      "67": 1,
      "71": 1,
      "76": 2,
      "77": 1,
      "78": 1,
      "80": 1,
      "82": 1,
      "83": 2,
      "85": 1,
      "87": 1,
      "94": 1,
      "96": 1,
      "98": 1,
      "111": 1,
      "135": 1,
      "145": 1,
      "151": 1,
      "177": 1
    },
    "4": {
      "3": 29,
      "4": 229,
      "5": 36,
      "6": 34,
      "7": 36,
      "8": 23,
      "9": 27,
      "10": 22,
      "11": 24,
      "12": 12,
      "13": 24,
      "14": 15,
      "15": 15,
      "16": 12,
      "17": 18,
      "18": 12,
      "19": 8,
      "20": 10,
      "21": 11,
      "22": 10,
      "23": 4,
      "24": 10,
      "25": 10,
      "26": 2,
      "27": 2,
      "28": 2,
      "29": 8,
      "30": 7,
      "31": 5,
      "32": 2,
      "33": 3,
      "34": 7,
      "35": 1,
      "36": 4,
      "37": 4,
      "38": 1,
      "39": 1,
      "40": 2,
      "41": 3,
      "42": 1,
      "43": 4,
      "44": 2,
      "45": 1,
      "46": 5,
      "47": 4,
      "48": 2,
      "50": 1,
      "51": 2,
      "53": 1,
      "54": 1,
      "55": 1,
      "56": 1,
      "57": 1,
      "58": 1,
      "62": 2,
      "63": 1,
      "65": 1,
      "72": 2,
      "73": 1,
      "74": 1,
      "75": 2,
      "76": 1,
      "80": 1,
      "87": 1,
      "89": 1,
      "99": 2,
      "100": 2,
      "101": 1,
      "106": 1,
      "110": 1,
      "114": 1,
      "117": 1,
      "124": 1,
      "126": 1,
      "145": 1,
      "156": 1,
      "249": 1
    },
    "5": {
      "3": 2,
      "4": 103,
      "5": 28,
      "6": 15,
      "7": 37,
      "8": 21,
      "9": 12,
      "10": 10,
      "11": 19,
      "12": 10,
      "13": 11,
      "14": 9,
      "15": 8,
      "16": 9,
      "17": 9,
      "18": 14,
      "19": 10,
      "20": 6,
      "21": 4,
      "22": 9,
      "23": 6,
      "24": 6,
      "25": 2,
      "26": 7,
      "27": 4,
      "28": 3,
      "29": 4,
      "30": 4,
      "31": 9,
      "32": 3,
      "33": 1,
      "34": 3,
      "35": 1,
      "36": 6,
      "37": 1,
      "38": 2,
      "39": 3,
      "40": 5,
      "41": 1,
      "42": 2,
      "43": 1,
      "44": 1,
      "45": 2,
      "46": 3,
      "47": 2,
      "48": 3,
      "49": 2,
      "50": 2,
      "51": 1,
      "54": 1,
      "55": 2,
      "56": 3,
      "57": 2,
      "59": 1,
      "60": 2,
      "63": 1,
      "64": 2,
      "66": 2,
      "70": 1,
      "73": 1,
      "76": 2,
      "82": 1,
      "84": 1,
      "88": 1,
      "94": 1,
      "95": 1,
      "102": 1,
      "103": 1,
      "106": 1,
      "163": 1
    },
    "6": {
      "4": 64,
      "5": 19,
      "6": 8,
      "7": 17,
      "8": 18,
      "9": 11,
      "10": 6,
      "11": 11,
      "12": 4,
      "13": 13,
      "14": 10,
      "15": 8,
      "16": 6,
      "17": 13,
      "18": 6,
      "19": 6,
      "20": 4,
      "21": 1,
      "22": 3,
      "23": 3,
      "24": 2,
      "25": 3,
      "26": 5,
      "27": 3,
      "28": 4,
      "29": 3,
      "30": 1,
      "31": 4,
      "32": 4,
      "33": 2,
      "34": 3,
      "35": 2,
      "36": 2,
      "37": 4,
      "38": 3,
      "39": 2,
      "41": 3,
      "42": 1,
      "43": 1,
      "45": 1,
      "47": 1,
      "48": 2,
      "49": 1,
      "53": 3,
      "54": 1,
      "55": 1,
      "56": 3,
      "57": 1,
      "59": 1,
      "60": 2,
      "62": 1,
      "64": 1,
      "66": 1,
      "67": 1,
      "68": 1,
      "69": 1,
      "71": 1,
      "73": 1,
      "99": 1,
      "117": 1,
      "135": 1
    },
    "7": {
      "4": 44,
      "5": 15,
      "6": 11,
      "7": 15,
      "8": 11,
      "9": 7,
      "10": 9,
      "11": 4,
      "12": 12,
      "13": 3,
      "14": 9,
      "15": 6,
      "16": 3,
      "17": 2,
      "18": 3,
      "19": 2,
      "20": 7,
      "22": 1,
      "23": 5,
      "24": 4,
      "25": 2,
      "26": 1,
      "27": 2,
      "28": 1,
      "29": 7,
      "30": 2,
      "31": 4,
      "32": 2,
      "34": 2,
      "36": 1,
      "37": 1,
      "38": 3,
      "39": 1,
      "40": 2,
      "41": 2,
      "42": 3,
      "43": 1,
      "46": 2,
      "47": 1,
      "48": 1,
      "50": 1,
      "52": 2,
      "55": 1,
      "58": 1,
      "60": 1,
      "61": 1,
      "68": 1,
      "77": 1,
      "79": 1,
      "82": 1,
      "86": 1,
      "108": 1,
      "114": 1,
      "119": 1,
      "149": 1
    },
    "8": {
      "4": 21,
      "5": 4,
      "6": 7,
      "7": 2,
      "8": 7,
      "9": 3,
      "10": 3,
      "11": 4,
      "12": 5,
      "13": 7,
      "14": 7,
      "15": 1,
      "16": 2,
      "17": 4,
      "18": 3,
      "19": 1,
      "20": 2,
      "21": 1,
      "22": 1,
      "23": 3,
      "24": 3,
      "26": 1,
      "27": 1,
      "29": 5,
      "30": 2,
      "31": 2,
      "32": 2,
      "33": 4,
      "36": 1,
      "37": 1,
      "38": 1,
      "39": 1,
      "42": 1,
      "43": 1,
      "45": 2,
      "46": 2,
      "48": 3,
      "49": 2,
      "50": 1,
      "51": 2,
      "52": 1,
      "55": 1,
      "56": 1,
      "57": 1,
      "59": 1,
      "67": 1,
      "69": 1,
      "75": 1,
      "76": 1,
      "80": 1,
      "84": 1,
      "86": 1,
      "92": 1,
      "93": 1,
      "94": 1,
      "104": 1,
      "113": 1,
      "129": 1,
      "195": 1
    },
    "9": {
      "3": 1,
      "4": 13,
      "5": 5,
      "6": 1,
      "7": 4,
      "8": 5,
      "9": 7,
      "10": 3,
      "11": 2,
      "12": 2,
      "13": 3,
      "14": 1,
      "15": 4,
      "16": 4,
      "17": 7,
      "18": 2,
      "19": 3,
      "20": 3,
      "22": 8,
      "23": 2,
      "24": 3,
      "26": 5,
      "27": 3,
      "28": 2,
      "29": 2,
      "30": 3,
      "31": 3,
      "32": 1,
      "33": 2,
      "34": 1,
      "35": 1,
      "36": 1,
      "37": 3,
      "38": 2,
      "39": 3,
      "40": 4,
      "41": 1,
      "42": 2,
      "43": 2,
      "44": 1,
      "45": 1,
      "47": 2,
      "52": 1,
      "53": 1,
      "56": 1,
      "60": 1,
      "65": 1,
      "74": 1,
      "80": 1,
      "122": 1,
      "138": 1,
      "175": 1,
      "207": 1
    },
    "10": {
      "4": 7,
      "5": 4,
      "7": 4,
      "8": 2,
      "9": 2,
      "10": 2,
      "11": 1,
      "12": 5,
      "13": 6,
      "14": 2,
      "15": 2,
      "16": 1,
      "17": 2,
      "18": 1,
      "19": 2,
      "20": 4,
      "21": 3,
      "22": 1,
      "23": 1,
      "24": 2,
      "27": 1,
      "28": 2,
      "30": 2,
      "31": 4,
      "38": 1,
      "39": 2,
      "41": 1,
      "45": 1,
      "46": 2,
      "49": 1,
      "56": 2,
      "61": 1,
      "63": 1,
      "65": 1,
      "66": 1,
      "70": 3,
      "71": 1,
      "72": 1,
      "73": 1,
      "75": 2,
      "83": 1,
      "97": 1,
      "107": 1,
      "151": 1,
      "152": 1,
      "228": 1
    },
    "11": {
      "3": 1,
      "4": 5,
      "5": 2,
      "6": 1,
      "7": 3,
      "8": 2,
      "10": 3,
      "11": 2,
      "13": 2,
      "14": 2,
      "15": 2,
      "16": 3,
      "17": 1,
      "18": 1,
      "19": 1,
      "20": 1,
      "21": 1,
      "23": 1,
      "24": 1,
      "26": 2,
      "27": 4,
      "29": 1,
      "35": 1,
      "38": 2,
      "39": 4,
      "41": 2,
      "42": 1,
      "52": 1,
      "53": 1,
      "59": 1,
      "70": 1,
      "79": 1,
      "80": 1,
      "100": 1,
      "106": 1,
      "316": 1
    },
    "12": {
      "4": 2,
      "5": 3,
      "7": 1,
      "9": 2,
      "10": 1,
      "14": 1,
      "15": 1,
      "16": 1,
      "17": 1,
      "18": 1,
      "19": 1,
      "21": 2,
      "22": 2,
      "23": 5,
      "24": 1,
      "25": 2,
      "26": 1,
      "27": 2,
      "30": 1,
      "31": 1,
      "32": 1,
      "33": 1,
      "34": 2,
      "36": 1,
      "40": 1,
      "41": 1,
      "47": 1,
      "48": 1,
      "50": 2,
      "51": 1,
      "55": 1,
      "57": 1,
      "61": 1,
      "62": 1,
      "63": 1,
      "64": 1,
      "69": 1,
      "72": 1,
      "79": 1,
      "81": 1,
      "88": 1,
      "91": 1,
      "107": 1,
      "114": 1,
      "132": 1,
      "147": 1
    },
    "13": {
      "5": 1,
      "6": 1,
      "7": 3,
      "8": 2,
      "9": 1,
      "10": 1,
      "12": 1,
      "14": 1,
      "19": 2,
      "23": 1,
      "25": 2,
      "31": 2,
      "37": 1,
      "43": 2,
      "45": 1,
      "47": 1,
      "48": 2,
      "57": 1,
      "58": 1,
      "60": 1,
      "62": 1,
      "63": 1,
      "69": 1,
      "72": 1,
      "74": 1,
      "78": 1,
      "79": 2,
      "81": 1,
      "82": 1,
      "89": 1,
      "98": 1,
      "102": 1,
      "113": 1,
      "115": 1,
      "130": 1
    },
    "14": {
      "3": 1,
      "4": 1,
      "5": 1,
      "6": 1,
      "7": 1,
      "9": 2,
      "13": 1,
      "15": 2,
      "25": 2,
      "27": 3,
      "28": 2,
      "29": 1,
      "38": 1,
      "45": 1,
      "53": 1,
      "57": 1,
      "60": 1,
      "87": 1,
      "98": 1,
      "129": 1,
      "327": 1
    },
    "15": {
      "4": 3,
      "5": 1,
      "7": 1,
      "20": 1,
      "25": 1,
      "27": 2,
      "28": 1,
      "30": 1,
      "32": 1,
      "34": 1,
      "38": 1,
      "52": 1,
      "54": 1,
      "57": 1,
      "60": 1,
      "61": 1,
      "64": 1,
      "67": 2,
      "70": 1,
      "117": 1,
      "206": 1
    },
    "16": {
      "4": 1,
      "6": 2,
      "12": 1,
      "14": 1,
      "15": 1,
      "18": 1,
      "20": 1,
      "22": 3,
      "24": 1,
      "26": 2,
      "30": 1,
      "32": 1,
      "33": 1,
      "39": 1,
      "40": 1,
      "49": 1,
      "54": 1,
      "62": 1,
      "75": 1,
      "77": 1,
      "78": 1,
      "83": 1,
      "96": 1,
      "117": 1
    },
    "17": {
      "7": 1,
      "24": 1,
      "32": 1,
      "36": 1,
      "38": 1,
      "42": 1,
      "45": 1,
      "46": 1,
      "47": 1,
      "53": 1,
      "54": 1,
      "60": 1,
      "67": 1,
      "78": 1,
      "81": 1,
      "85": 1,
      "94": 1,
      "106": 1,
      "174": 1
    },
    "18": {
      "9": 1,
      "15": 1,
      "17": 1,
      "19": 1,
      "24": 1,
      "29": 1,
      "34": 1,
      "42": 1,
      "44": 1,
      "47": 1,
      "52": 1,
      "58": 1,
      "90": 1,
      "99": 1,
      "102": 1,
      "103": 1
    },
    "19": {
      "4": 1,
      "24": 1,
      "51": 1,
      "58": 1,
      "59": 1,
      "64": 1,
      "69": 1,
      "77": 1,
      "105": 1,
      "134": 1,
      "179": 1,
      "280": 1
    },
    "20": {
      "4": 2,
      "11": 1,
      "31": 1,
      "43": 1,
      "48": 1,
      "52": 1,
      "71": 1,
      "77": 1,
      "82": 1,
      "96": 1,
      "133": 1,
      "147": 1,
      "334": 1
    },
    "21": {
      "5": 1,
      "8": 1,
      "17": 1,
      "20": 1,
      "37": 1,
      "39": 1,
      "45": 1,
      "91": 1
    },
    "22": {
      "13": 1,
      "128": 1,
      "134": 1
    },
    "23": {
      "4": 1,
      "8": 1,
      "16": 1,
      "30": 1,
      "32": 1,
      "34": 1,
      "41": 1,
      "135": 1
    },
    "24": {
      "34": 1,
      "104": 1,
      "109": 1,
      "113": 1,
      "160": 1
    },
    "25": {
      "4": 1,
      "6": 1,
      "11": 1,
      "35": 1,
      "84": 1,
      "99": 1
    },
    "26": {
      "9": 1,
      "43": 1,
      "49": 1,
      "82": 1,
      "120": 1,
      "142": 1
    },
    "27": {
      "56": 1,
      "62": 1,
      "401": 1
    },
    "28": {
      "14": 1,
      "48": 1
    },
    "29": {
      "12": 1,
      "20": 1,
      "28": 1,
      "43": 1
    },
    "30": {
      "54": 1
    },
    "31": {
      "5": 1,
      "69": 1
    },
    "32": {
      "36": 1,
      "140": 1,
      "147": 1,
      "284": 1
    },
    "33": {
      "127": 1
    },
    "34": {
      "8": 1,
      "18": 1,
      "25": 1,
      "191": 1
    },
    "35": {
      "113": 1
    },
    "36": {
      "29": 1
    },
    "39": {
      "6": 1,
      "59": 1,
      "178": 1,
      "354": 1
    },
    "40": {
      "73": 1
    },
    "41": {
      "62": 1,
      "299": 1
    },
    "42": {
      "66": 1
    },
    "43": {
      "64": 1
    },
    "45": {
      "65": 1,
      "115": 1
    },
    "47": {
      "83": 1
    },
    "50": {
      "151": 1
    },
    "51": {
      "90": 1
    },
    "59": {
      "188": 1
    },
    "76": {
      "87": 1
    },
    "92": {
      "123": 1
    },
    "94": {
      "126": 1
    }
  }
}