{
  "repo": "hadoop",
  "totalMethods": 11930,
  "totalHistoryEquals1": 5883,
  "totalHistory2To5": 4919,
  "totalHistory6To10": 820,
  "totalHistoryGt10": 308,
  "totalHistoryCount": {
    "0": 47,
    "1": 5883,
    "2": 1931,
    "3": 1466,
    "4": 922,
    "5": 553,
    "6": 321,
    "7": 199,
    "8": 140,
    "9": 88,
    "10": 72,
    "11": 61,
    "12": 40,
    "13": 25,
    "14": 23,
    "15": 14,
    "16": 18,
    "17": 14,
    "18": 9,
    "19": 13,
    "20": 11,
    "21": 8,
    "22": 10,
    "23": 9,
    "24": 8,
    "25": 2,
    "26": 6,
    "27": 6,
    "28": 1,
    "29": 2,
    "31": 1,
    "32": 3,
    "33": 2,
    "34": 6,
    "35": 1,
    "36": 1,
    "37": 1,
    "40": 4,
    "41": 2,
    "42": 1,
    "45": 1,
    "48": 1,
    "50": 2,
    "56": 1,
    "67": 1
  },
  "avgSizeShovel": 2.687007544006706,
  "avgSizeBase": 1.7102263202011736,
  "medianSizeShovel": 2,
  "medianSizeBase": 1,
  "changeStats": {
    "Ymodifierchange": 1209,
    "Ybodychange": 11988,
    "Yfilerename": 6723,
    "Yintroduced": 11884,
    "Ymovefromfile": 1021,
    "Yexceptionschange": 314,
    "Yrename": 884,
    "Yreturntypechange": 792,
    "Yparameterchange": 1939,
    "Yparametermetachange": 38
  },
  "countSmallMethodsForOneChange": 2635,
  "countSmallMethodsForMoreThanOneChange": 1771,
  "avgMethodSizeOneChange": 6.8980112187659355,
  "avgMethodsMoreThanOneChange": 13.4474946254341,
  "statsMethodsOneChange": {
    "setters": 410,
    "getters": 1321,
    "tests": 0
  },
  "methodSizeStatsLeftNumChangesRightNumLinesNumMethods": {
    "0": {
      "3": 19,
      "4": 10,
      "5": 1,
      "6": 2,
      "8": 2,
      "9": 1,
      "10": 1,
      "18": 1,
      "20": 1,
      "22": 2,
      "23": 4,
      "24": 1,
      "26": 1,
      "47": 1
    },
    "1": {
      "1": 16,
      "2": 40,
      "3": 2560,
      "4": 729,
      "5": 280,
      "6": 351,
      "7": 328,
      "8": 337,
      "9": 178,
      "10": 86,
      "11": 119,
      "12": 158,
      "13": 96,
      "14": 61,
      "15": 57,
      "16": 43,
      "17": 42,
      "18": 40,
      "19": 33,
      "20": 46,
      "21": 28,
      "22": 21,
      "23": 29,
      "24": 23,
      "25": 15,
      "26": 20,
      "27": 11,
      "28": 8,
      "29": 12,
      "30": 10,
      "31": 12,
      "32": 9,
      "33": 10,
      "34": 7,
      "35": 8,
      "36": 6,
      "37": 7,
      "38": 2,
      "39": 7,
      "40": 3,
      "41": 1,
      "42": 2,
      "43": 1,
      "44": 3,
      "45": 2,
      "46": 3,
      "47": 2,
      "48": 1,
      "49": 2,
      "51": 1,
      "55": 1,
      "56": 1,
      "61": 1,
      "63": 1,
      "64": 1,
      "68": 1,
      "71": 1,
      "73": 1,
      "78": 1,
      "81": 2,
      "83": 2,
      "85": 1,
      "99": 1,
      "102": 1,
      "291": 1
    },
    "2": {
      "1": 5,
      "3": 716,
      "4": 184,
      "5": 96,
      "6": 100,
      "7": 104,
      "8": 139,
      "9": 60,
      "10": 59,
      "11": 48,
      "12": 34,
      "13": 29,
      "14": 30,
      "15": 22,
      "16": 28,
      "17": 19,
      "18": 17,
      "19": 23,
      "20": 14,
      "21": 11,
      "22": 8,
      "23": 10,
      "24": 7,
      "25": 9,
      "26": 10,
      "27": 4,
      "28": 6,
      "29": 10,
      "30": 9,
      "31": 11,
      "32": 9,
      "33": 4,
      "34": 4,
      "35": 5,
      "36": 4,
      "37": 2,
      "38": 3,
      "39": 2,
      "40": 5,
      "41": 2,
      "42": 4,
      "43": 6,
      "44": 7,
      "45": 2,
      "46": 2,
      "47": 3,
      "48": 2,
      "49": 2,
      "50": 1,
      "51": 2,
      "52": 2,
      "53": 2,
      "54": 4,
      "55": 1,
      "56": 2,
      "57": 1,
      "58": 2,
      "59": 1,
      "60": 1,
      "63": 1,
      "65": 1,
      "66": 1,
      "67": 2,
      "70": 2,
      "77": 1,
      "82": 1,
      "83": 1,
      "84": 1,
      "85": 2,
      "89": 2,
      "94": 1,
      "104": 1,
      "107": 1,
      "108": 1,
      "111": 1,
      "113": 1,
      "132": 1,
      "162": 1,
      "171": 1
    },
    "3": {
      "1": 17,
      "2": 6,
      "3": 533,
      "4": 177,
      "5": 58,
      "6": 68,
      "7": 63,
      "8": 83,
      "9": 34,
      "10": 35,
      "11": 37,
      "12": 36,
      "13": 32,
      "14": 22,
      "15": 16,
      "16": 25,
      "17": 15,
      "18": 22,
      "19": 13,
      "20": 10,
      "21": 9,
      "22": 12,
      "23": 10,
      "24": 5,
      "25": 8,
      "26": 7,
      "27": 7,
      "28": 5,
      "29": 10,
      "30": 7,
      "31": 4,
      "32": 6,
      "33": 4,
      "34": 2,
      "35": 5,
      "36": 1,
      "37": 4,
      "38": 6,
      "39": 4,
      "40": 3,
      "41": 4,
      "42": 2,
      "43": 2,
      "44": 2,
      "45": 1,
      "46": 5,
      "47": 1,
      "48": 4,
      "50": 1,
      "52": 1,
      "53": 4,
      "55": 2,
      "56": 1,
      "57": 2,
      "58": 1,
      "61": 1,
      "65": 1,
      "67": 1,
      "71": 1,
      "73": 1,
      "74": 1,
      "80": 1,
      "97": 1,
      "99": 2,
      "102": 2,
      "114": 1
    },
    "4": {
      "1": 4,
      "3": 257,
      "4": 87,
      "5": 46,
      "6": 92,
      "7": 67,
      "8": 48,
      "9": 30,
      "10": 17,
      "11": 30,
      "12": 37,
      "13": 19,
      "14": 15,
      "15": 9,
      "16": 16,
      "17": 13,
      "18": 10,
      "19": 7,
      "20": 5,
      "21": 4,
      "22": 2,
      "23": 9,
      "24": 11,
      "25": 7,
      "26": 7,
      "27": 5,
      "28": 7,
      "29": 3,
      "30": 3,
      "31": 2,
      "33": 6,
      "34": 3,
      "35": 6,
      "37": 5,
      "38": 1,
      "39": 2,
      "40": 1,
      "42": 1,
      "43": 4,
      "44": 1,
      "46": 2,
      "48": 1,
      "49": 3,
      "51": 1,
      "52": 1,
      "53": 1,
      "54": 1,
      "55": 1,
      "56": 1,
      "57": 2,
      "58": 1,
      "63": 1,
      "64": 1,
      "66": 2,
      "67": 1,
      "86": 1,
      "98": 1,
      "127": 1
    },
    "5": {
      "2": 5,
      "3": 116,
      "4": 52,
      "5": 30,
      "6": 60,
      "7": 31,
      "8": 43,
      "9": 16,
      "10": 12,
      "11": 13,
      "12": 9,
      "13": 18,
      "14": 14,
      "15": 6,
      "16": 4,
      "17": 7,
      "18": 6,
      "19": 6,
      "20": 5,
      "21": 9,
      "22": 3,
      "23": 3,
      "24": 5,
      "25": 4,
      "26": 2,
      "27": 3,
      "28": 6,
      "29": 6,
      "30": 4,
      "31": 4,
      "32": 1,
      "33": 1,
      "34": 4,
      "35": 1,
      "36": 1,
      "37": 2,
      "38": 1,
      "40": 1,
      "41": 4,
      "43": 3,
      "44": 1,
      "45": 1,
      "46": 3,
      "48": 1,
      "49": 1,
      "50": 1,
      "51": 1,
      "52": 1,
      "53": 2,
      "55": 1,
      "57": 1,
      "59": 1,
      "60": 1,
      "61": 1,
      "64": 1,
      "67": 1,
      "68": 1,
      "71": 1,
      "72": 1,
      "78": 2,
      "83": 1,
      "85": 1,
      "95": 1,
      "100": 1,
      "103": 1,
      "106": 2,
      "125": 1
    },
    "6": {
      "3": 67,
      "4": 24,
      "5": 20,
      "6": 13,
      "7": 10,
      "8": 13,
      "9": 11,
      "10": 6,
      "11": 11,
      "12": 14,
      "13": 15,
      "14": 7,
      "15": 6,
      "16": 7,
      "17": 4,
      "18": 4,
      "19": 5,
      "20": 1,
      "21": 3,
      "22": 4,
      "23": 5,
      "24": 1,
      "25": 7,
      "26": 5,
      "27": 2,
      "28": 1,
      "29": 3,
      "30": 3,
      "31": 6,
      "32": 2,
      "33": 2,
      "34": 3,
      "35": 4,
      "36": 6,
      "38": 2,
      "39": 1,
      "41": 1,
      "42": 1,
      "44": 2,
      "46": 1,
      "47": 1,
      "48": 1,
      "49": 2,
      "50": 1,
      "51": 2,
      "53": 1,
      "55": 1,
      "58": 2,
      "62": 1,
      "64": 1,
      "77": 1,
      "85": 1,
      "87": 1,
      "98": 1,
      "113": 1
    },
    "7": {
      "3": 27,
      "4": 11,
      "5": 4,
      "6": 5,
      "7": 11,
      "8": 9,
      "9": 2,
      "10": 3,
      "11": 13,
      "12": 6,
      "13": 11,
      "14": 5,
      "15": 3,
      "16": 5,
      "17": 6,
      "18": 8,
      "19": 2,
      "20": 3,
      "21": 2,
      "22": 3,
      "23": 1,
      "24": 3,
      "25": 4,
      "26": 2,
      "27": 4,
      "28": 3,
      "29": 1,
      "30": 2,
      "31": 1,
      "32": 2,
      "33": 1,
      "35": 2,
      "36": 5,
      "38": 2,
      "39": 2,
      "42": 2,
      "44": 4,
      "45": 1,
      "48": 1,
      "49": 1,
      "52": 2,
      "53": 1,
      "54": 1,
      "58": 1,
      "61": 1,
      "72": 1,
      "83": 1,
      "86": 1,
      "88": 1,
      "104": 2,
      "121": 1,
      "123": 1,
      "149": 1,
      "151": 1
    },
    "8": {
      "3": 3,
      "4": 6,
      "5": 9,
      "6": 4,
      "7": 2,
      "8": 4,
      "9": 1,
      "10": 4,
      "11": 7,
      "12": 7,
      "13": 2,
      "14": 4,
      "15": 3,
      "16": 5,
      "17": 2,
      "18": 5,
      "19": 7,
      "20": 3,
      "21": 3,
      "22": 3,
      "23": 3,
      "24": 2,
      "25": 1,
      "26": 4,
      "27": 1,
      "28": 1,
      "29": 2,
      "30": 2,
      "31": 3,
      "32": 4,
      "33": 1,
      "35": 1,
      "36": 4,
      "37": 2,
      "38": 4,
      "41": 1,
      "42": 1,
      "43": 3,
      "44": 1,
      "47": 2,
      "48": 1,
      "50": 1,
      "52": 1,
      "58": 1,
      "66": 2,
      "74": 1,
      "75": 1,
      "83": 2,
      "89": 1,
      "97": 1,
      "99": 1
    },
    "9": {
      "3": 6,
      "4": 5,
      "5": 2,
      "6": 1,
      "7": 2,
      "8": 4,
      "9": 1,
      "10": 4,
      "11": 1,
      "12": 3,
      "13": 7,
      "14": 4,
      "15": 4,
      "16": 1,
      "17": 6,
      "18": 2,
      "19": 3,
      "21": 2,
      "22": 2,
      "24": 3,
      "26": 2,
      "29": 1,
      "30": 2,
      "31": 1,
      "32": 1,
      "33": 4,
      "39": 1,
      "42": 1,
      "43": 1,
      "45": 1,
      "46": 1,
      "47": 1,
      "53": 1,
      "84": 1,
      "88": 1,
      "91": 1,
      "115": 1,
      "124": 1,
      "125": 1,
      "149": 1
    },
    "10": {
      "3": 5,
      "4": 3,
      "5": 5,
      "6": 3,
      "8": 4,
      "9": 2,
      "11": 3,
      "12": 6,
      "13": 5,
      "14": 2,
      "15": 1,
      "16": 2,
      "17": 2,
      "18": 3,
      "19": 2,
      "20": 1,
      "21": 2,
      "25": 1,
      "26": 1,
      "27": 2,
      "28": 1,
      "33": 1,
      "35": 1,
      "36": 1,
      "37": 1,
      "43": 2,
      "44": 1,
      "61": 1,
      "68": 1,
      "69": 1,
      "73": 1,
      "75": 1,
      "79": 1,
      "137": 1,
      "140": 1,
      "145": 1
    },
    "11": {
      "3": 1,
      "4": 4,
      "5": 4,
      "7": 1,
      "10": 1,
      "11": 1,
      "12": 5,
      "13": 2,
      "15": 2,
      "16": 4,
      "17": 1,
      "18": 1,
      "19": 1,
      "20": 5,
      "21": 3,
      "22": 1,
      "24": 1,
      "26": 1,
      "27": 1,
      "28": 1,
      "29": 1,
      "30": 1,
      "31": 1,
      "32": 1,
      "37": 1,
      "38": 1,
      "39": 2,
      "40": 1,
      "41": 2,
      "46": 1,
      "48": 1,
      "53": 2,
      "57": 1,
      "63": 1,
      "64": 1,
      "68": 1,
      "75": 1
    },
    "12": {
      "3": 1,
      "7": 2,
      "10": 3,
      "11": 1,
      "12": 1,
      "15": 2,
      "17": 1,
      "18": 2,
      "19": 1,
      "20": 2,
      "22": 1,
      "23": 2,
      "24": 1,
      "26": 1,
      "30": 2,
      "33": 1,
      "34": 1,
      "35": 2,
      "37": 1,
      "43": 1,
      "46": 1,
      "48": 1,
      "52": 1,
      "53": 1,
      "63": 1,
      "69": 1,
      "73": 1,
      "80": 1,
      "104": 1,
      "117": 1,
      "195": 1
    },
    "13": {
      "3": 1,
      "4": 2,
      "8": 1,
      "13": 1,
      "15": 1,
      "17": 1,
      "19": 1,
      "21": 2,
      "31": 1,
      "38": 1,
      "39": 1,
      "41": 1,
      "42": 1,
      "43": 2,
      "51": 1,
      "61": 1,
      "62": 1,
      "63": 1,
      "88": 1,
      "98": 1,
      "127": 1,
      "142": 1
    },
    "14": {
      "5": 1,
      "10": 1,
      "11": 2,
      "13": 1,
      "16": 1,
      "25": 1,
      "26": 1,
      "27": 1,
      "28": 1,
      "29": 1,
      "31": 1,
      "34": 2,
      "43": 2,
      "44": 1,
      "48": 1,
      "51": 1,
      "68": 1,
      "70": 1,
      "76": 1,
      "95": 1
    },
    "15": {
      "8": 1,
      "19": 1,
      "21": 1,
      "22": 1,
      "24": 1,
      "26": 1,
      "54": 1,
      "72": 1,
      "79": 1,
      "83": 1,
      "89": 1,
      "94": 1,
      "104": 1,
      "148": 1
    },
    "16": {
      "14": 1,
      "15": 2,
      "17": 2,
      "22": 1,
      "23": 2,
      "25": 1,
      "27": 1,
      "30": 1,
      "31": 2,
      "44": 1,
      "53": 1,
      "54": 1,
      "65": 1,
      "80": 1
    },
    "17": {
      "4": 2,
      "5": 1,
      "15": 1,
      "19": 1,
      "22": 1,
      "23": 1,
      "24": 2,
      "38": 1,
      "60": 1,
      "74": 1,
      "85": 1,
      "142": 1
    },
    "18": {
      "6": 1,
      "8": 1,
      "17": 1,
      "30": 1,
      "36": 1,
      "62": 1,
      "65": 1,
      "66": 1,
      "87": 1
    },
    "19": {
      "10": 1,
      "12": 1,
      "14": 1,
      "17": 1,
      "18": 1,
      "30": 1,
      "34": 1,
      "38": 2,
      "39": 1,
      "48": 1,
      "59": 1,
      "141": 1
    },
    "20": {
      "31": 1,
      "38": 1,
      "39": 2,
      "55": 1,
      "56": 2,
      "97": 1,
      "101": 1,
      "120": 1,
      "213": 1
    },
    "21": {
      "26": 1,
      "34": 1,
      "39": 1,
      "40": 1,
      "48": 1,
      "88": 1,
      "94": 1,
      "125": 1
    },
    "22": {
      "8": 1,
      "15": 1,
      "18": 1,
      "25": 1,
      "38": 1,
      "39": 1,
      "42": 1,
      "47": 1,
      "56": 1,
      "85": 1
    },
    "23": {
      "31": 1,
      "49": 1,
      "50": 1,
      "54": 1,
      "58": 1,
      "62": 1,
      "99": 2,
      "105": 1
    },
    "24": {
      "3": 1,
      "21": 1,
      "39": 1,
      "44": 1,
      "51": 1,
      "98": 1,
      "106": 1,
      "153": 1
    },
    "25": {
      "24": 1,
      "34": 1
    },
    "26": {
      "16": 1,
      "18": 1,
      "20": 1,
      "32": 1,
      "78": 1,
      "97": 1
    },
    "27": {
      "42": 1,
      "46": 1,
      "52": 1,
      "67": 1,
      "114": 1,
      "175": 1
    },
    "28": {
      "81": 1
    },
    "29": {
      "55": 1,
      "99": 1
    },
    "31": {
      "185": 1
    },
    "32": {
      "38": 1,
      "54": 1,
      "145": 1
    },
    "33": {
      "13": 1,
      "94": 1
    },
    "34": {
      "16": 1,
      "17": 2,
      "22": 1,
      "34": 1,
      "144": 1
    },
    "35": {
      "33": 1
    },
    "36": {
      "15": 1
    },
    "37": {
      "35": 1
    },
    "40": {
      "47": 1,
      "110": 1,
      "146": 1,
      "164": 1
    },
    "41": {
      "108": 1,
      "199": 1
    },
    "42": {
      "76": 1
    },
    "45": {
      "147": 1
    },
    "48": {
      "183": 1
    },
    "50": {
      "4": 1,
      "158": 1
    },
    "56": {
      "83": 1
    },
    "67": {
      "97": 1
    }
  }
}