{
  "repo": "commons-lang",
  "totalMethods": 2197,
  "totalHistoryEquals1": 267,
  "totalHistory2To5": 1192,
  "totalHistory6To10": 641,
  "totalHistoryGt10": 97,
  "totalHistoryCount": {
    "0": 9,
    "1": 267,
    "2": 274,
    "3": 268,
    "4": 386,
    "5": 255,
    "6": 292,
    "7": 139,
    "8": 100,
    "9": 56,
    "10": 54,
    "11": 31,
    "12": 22,
    "13": 15,
    "14": 5,
    "15": 7,
    "16": 3,
    "17": 4,
    "18": 2,
    "19": 3,
    "20": 1,
    "21": 2,
    "24": 1,
    "35": 1
  },
  "avgSizeShovel": 4.693673190714611,
  "avgSizeBase": 4.403732362312244,
  "medianSizeShovel": 4,
  "medianSizeBase": 2,
  "changeStats": {
    "Yparametermetachange": 1487,
    "Yintroduced": 2088,
    "Ybodychange": 3537,
    "Yexceptionschange": 21,
    "Ymodifierchange": 90,
    "Yfilerename": 2820,
    "Yreturntypechange": 286,
    "Yparameterchange": 458,
    "Ymovefromfile": 99,
    "Yrename": 209
  },
  "countSmallMethodsForOneChange": 194,
  "countSmallMethodsForMoreThanOneChange": 819,
  "avgMethodSizeOneChange": 4.51685393258427,
  "avgMethodsMoreThanOneChange": 8.969430051813472,
  "statsMethodsOneChange": {
    "setters": 4,
    "getters": 86,
    "tests": 2
  },
  "methodSizeStatsLeftNumChangesRightNumLinesNumMethods": {
    "0": {
      "3": 7,
      "12": 1,
      "42": 1
    },
    "1": {
      "3": 187,
      "4": 35,
      "5": 4,
      "6": 6,
      "7": 5,
      "8": 2,
      "9": 1,
      "10": 6,
      "11": 3,
      "12": 3,
      "13": 5,
      "14": 2,
      "15": 2,
      "18": 1,
      "19": 1,
      "21": 1,
      "24": 1,
      "26": 1,
      "29": 1
    },
    "2": {
      "3": 110,
      "4": 17,
      "5": 34,
      "6": 28,
      "7": 16,
      "8": 8,
      "9": 8,
      "10": 2,
      "11": 12,
      "12": 5,
      "13": 2,
      "14": 1,
      "15": 2,
      "16": 3,
      "17": 1,
      "18": 1,
      "19": 1,
      "20": 1,
      "23": 2,
      "24": 14,
      "27": 2,
      "30": 2,
      "52": 1,
      "55": 1
    },
    "3": {
      "3": 150,
      "4": 20,
      "5": 5,
      "6": 18,
      "7": 10,
      "8": 5,
      "9": 4,
      "10": 4,
      "11": 7,
      "12": 6,
      "13": 2,
      "14": 3,
      "15": 4,
      "16": 1,
      "18": 2,
      "19": 1,
      "20": 1,
      "21": 2,
      "22": 1,
      "23": 1,
      "24": 1,
      "25": 1,
      "27": 2,
      "28": 2,
      "30": 1,
      "31": 2,
      "32": 2,
      "36": 2,
      "37": 1,
      "38": 2,
      "44": 1,
      "57": 1,
      "65": 1,
      "76": 1,
      "79": 1
    },
    "4": {
      "3": 228,
      "4": 18,
      "5": 17,
      "6": 41,
      "7": 5,
      "8": 8,
      "9": 14,
      "10": 16,
      "11": 4,
      "12": 8,
      "13": 1,
      "15": 2,
      "16": 2,
      "17": 8,
      "19": 2,
      "20": 1,
      "21": 4,
      "23": 1,
      "24": 1,
      "26": 1,
      "34": 1,
      "40": 1,
      "44": 1,
      "65": 1
    },
    "5": {
      "3": 135,
      "4": 12,
      "5": 2,
      "6": 33,
      "7": 10,
      "8": 10,
      "9": 7,
      "10": 5,
      "11": 2,
      "12": 5,
      "13": 4,
      "15": 2,
      "16": 4,
      "17": 2,
      "18": 6,
      "19": 1,
      "20": 2,
      "21": 2,
      "22": 1,
      "25": 1,
      "28": 1,
      "31": 1,
      "32": 1,
      "34": 1,
      "37": 1,
      "38": 1,
      "39": 1,
      "60": 1,
      "68": 1
    },
    "6": {
      "3": 107,
      "4": 42,
      "5": 5,
      "6": 22,
      "7": 15,
      "8": 10,
      "9": 6,
      "10": 21,
      "11": 7,
      "12": 3,
      "13": 7,
      "14": 16,
      "15": 5,
      "16": 4,
      "17": 1,
      "18": 1,
      "19": 4,
      "20": 9,
      "21": 1,
      "23": 1,
      "26": 1,
      "27": 1,
      "63": 1,
      "73": 1,
      "76": 1
    },
    "7": {
      "3": 43,
      "4": 7,
      "5": 7,
      "6": 7,
      "7": 14,
      "8": 8,
      "9": 5,
      "10": 7,
      "11": 3,
      "12": 7,
      "13": 5,
      "14": 9,
      "15": 3,
      "16": 1,
      "17": 1,
      "19": 3,
      "20": 1,
      "21": 1,
      "22": 1,
      "24": 1,
      "25": 1,
      "30": 1,
      "32": 1,
      "41": 1,
      "47": 1
    },
    "8": {
      "3": 15,
      "4": 17,
      "5": 3,
      "6": 14,
      "7": 5,
      "8": 6,
      "9": 3,
      "10": 6,
      "11": 4,
      "12": 2,
      "13": 1,
      "14": 7,
      "15": 1,
      "16": 2,
      "17": 5,
      "26": 1,
      "30": 1,
      "33": 1,
      "37": 2,
      "44": 3,
      "51": 1
    },
    "9": {
      "3": 9,
      "4": 2,
      "5": 2,
      "6": 2,
      "7": 3,
      "9": 3,
      "10": 3,
      "11": 3,
      "12": 3,
      "13": 1,
      "14": 2,
      "16": 1,
      "17": 4,
      "18": 2,
      "20": 2,
      "21": 1,
      "22": 4,
      "25": 1,
      "26": 1,
      "27": 1,
      "28": 1,
      "29": 1,
      "30": 1,
      "34": 1,
      "56": 1,
      "72": 1
    },
    "10": {
      "3": 11,
      "4": 1,
      "5": 2,
      "7": 4,
      "8": 2,
      "9": 6,
      "10": 1,
      "11": 3,
      "12": 1,
      "13": 1,
      "14": 1,
      "15": 1,
      "17": 8,
      "18": 1,
      "19": 2,
      "20": 1,
      "21": 1,
      "25": 3,
      "27": 1,
      "51": 1,
      "52": 1,
      "89": 1
    },
    "11": {
      "3": 6,
      "4": 1,
      "5": 1,
      "6": 2,
      "9": 2,
      "10": 2,
      "12": 2,
      "14": 3,
      "15": 1,
      "16": 2,
      "23": 1,
      "27": 1,
      "28": 1,
      "30": 1,
      "32": 1,
      "33": 1,
      "36": 1,
      "45": 1,
      "131": 1
    },
    "12": {
      "3": 3,
      "4": 2,
      "5": 1,
      "7": 2,
      "8": 3,
      "13": 1,
      "14": 1,
      "20": 2,
      "23": 1,
      "24": 1,
      "26": 1,
      "37": 1,
      "65": 1,
      "72": 1,
      "98": 1
    },
    "13": {
      "3": 1,
      "9": 1,
      "17": 5,
      "21": 1,
      "26": 1,
      "27": 1,
      "29": 1,
      "32": 2,
      "44": 1,
      "60": 1
    },
    "14": {
      "3": 1,
      "12": 1,
      "26": 2,
      "135": 1
    },
    "15": {
      "10": 1,
      "11": 1,
      "15": 1,
      "25": 1,
      "26": 1,
      "42": 1,
      "52": 1
    },
    "16": {
      "35": 1,
      "38": 1,
      "84": 1
    },
    "17": {
      "18": 1,
      "29": 1,
      "30": 1,
      "33": 1
    },
    "18": {
      "18": 1,
      "112": 1
    },
    "19": {
      "16": 1,
      "64": 1,
      "134": 1
    },
    "20": {
      "131": 1
    },
    "21": {
      "38": 1,
      "78": 1
    },
    "24": {
      "139": 1
    },
    "35": {
      "168": 1
    }
  }
}