{
  "repo": "spring-framework",
  "totalMethods": 3214,
  "totalHistoryEquals1": 709,
  "totalHistory2To5": 2103,
  "totalHistory6To10": 290,
  "totalHistoryGt10": 112,
  "totalHistoryCount": {
    "0": 15,
    "1": 709,
    "2": 859,
    "3": 620,
    "4": 406,
    "5": 203,
    "6": 108,
    "7": 73,
    "8": 46,
    "9": 39,
    "10": 24,
    "11": 27,
    "12": 23,
    "13": 10,
    "14": 7,
    "15": 5,
    "16": 5,
    "17": 5,
    "18": 6,
    "19": 4,
    "20": 6,
    "21": 2,
    "22": 1,
    "23": 1,
    "24": 3,
    "25": 3,
    "27": 1,
    "28": 1,
    "29": 1,
    "44": 1
  },
  "avgSizeShovel": 3.3450528935905415,
  "avgSizeBase": 2.081207218419415,
  "medianSizeShovel": 3,
  "medianSizeBase": 1,
  "changeStats": {
    "Yparameterchange": 802,
    "Ybodychange": 4832,
    "Yparametermetachange": 602,
    "Yintroduced": 3171,
    "Yrename": 238,
    "Yreturntypechange": 262,
    "Ymodifierchange": 166,
    "Ymovefromfile": 224,
    "Yfilerename": 1939,
    "Yexceptionschange": 40
  },
  "countSmallMethodsForOneChange": 402,
  "countSmallMethodsForMoreThanOneChange": 979,
  "avgMethodSizeOneChange": 7.833568406205924,
  "avgMethodsMoreThanOneChange": 10.430339321357286,
  "statsMethodsOneChange": {
    "setters": 33,
    "getters": 159,
    "tests": 0
  },
  "methodSizeStatsLeftNumChangesRightNumLinesNumMethods": {
    "0": {
      "3": 9,
      "4": 3,
      "7": 1,
      "9": 1,
      "12": 1
    },
    "1": {
      "2": 1,
      "3": 392,
      "4": 36,
      "5": 37,
      "6": 25,
      "7": 21,
      "8": 28,
      "9": 27,
      "10": 19,
      "11": 12,
      "12": 9,
      "13": 9,
      "14": 11,
      "15": 8,
      "16": 8,
      "17": 7,
      "18": 6,
      "19": 4,
      "20": 5,
      "21": 3,
      "22": 2,
      "23": 2,
      "24": 4,
      "25": 1,
      "28": 2,
      "29": 3,
      "30": 2,
      "31": 3,
      "35": 1,
      "36": 1,
      "38": 1,
      "39": 1,
      "40": 1,
      "42": 1,
      "44": 2,
      "45": 3,
      "47": 1,
      "48": 1,
      "52": 1,
      "64": 1,
      "66": 1,
      "84": 1,
      "93": 1,
      "100": 1,
      "101": 1,
      "105": 1,
      "148": 1
    },
    "2": {
      "2": 10,
      "3": 426,
      "4": 85,
      "5": 61,
      "6": 30,
      "7": 29,
      "8": 32,
      "9": 25,
      "10": 21,
      "11": 19,
      "12": 15,
      "13": 13,
      "14": 9,
      "15": 13,
      "16": 8,
      "17": 3,
      "18": 11,
      "19": 4,
      "21": 3,
      "22": 4,
      "23": 1,
      "24": 4,
      "25": 5,
      "26": 1,
      "27": 2,
      "28": 3,
      "29": 1,
      "30": 1,
      "31": 3,
      "32": 1,
      "33": 1,
      "34": 3,
      "37": 1,
      "39": 2,
      "42": 1,
      "43": 1,
      "50": 1,
      "61": 2,
      "73": 1,
      "86": 1,
      "114": 1,
      "429": 1
    },
    "3": {
      "2": 10,
      "3": 289,
      "4": 64,
      "5": 39,
      "6": 26,
      "7": 11,
      "8": 22,
      "9": 15,
      "10": 19,
      "11": 26,
      "12": 12,
      "13": 13,
      "14": 8,
      "15": 8,
      "16": 6,
      "17": 7,
      "18": 3,
      "19": 2,
      "20": 2,
      "21": 2,
      "22": 2,
      "23": 6,
      "24": 2,
      "25": 1,
      "26": 1,
      "27": 1,
      "28": 1,
      "29": 4,
      "33": 1,
      "34": 1,
      "35": 2,
      "36": 1,
      "37": 1,
      "39": 1,
      "71": 1,
      "75": 1,
      "76": 1,
      "77": 1,
      "92": 1,
      "123": 1,
      "124": 1,
      "126": 1,
      "168": 1,
      "175": 1,
      "223": 1
    },
    "4": {
      "2": 1,
      "3": 137,
      "4": 42,
      "5": 16,
      "6": 14,
      "7": 19,
      "8": 22,
      "9": 22,
      "10": 15,
      "11": 13,
      "12": 10,
      "13": 4,
      "14": 5,
      "15": 8,
      "16": 12,
      "17": 6,
      "18": 2,
      "19": 3,
      "20": 5,
      "21": 11,
      "22": 8,
      "23": 1,
      "24": 3,
      "26": 2,
      "27": 4,
      "28": 4,
      "29": 1,
      "30": 1,
      "31": 2,
      "33": 3,
      "34": 1,
      "35": 3,
      "41": 1,
      "42": 1,
      "60": 1,
      "76": 1,
      "274": 1,
      "277": 1
    },
    "5": {
      "3": 49,
      "4": 16,
      "5": 8,
      "6": 12,
      "7": 6,
      "8": 11,
      "9": 5,
      "10": 11,
      "11": 15,
      "12": 5,
      "13": 10,
      "14": 6,
      "15": 4,
      "16": 4,
      "17": 7,
      "18": 3,
      "19": 2,
      "20": 1,
      "21": 3,
      "22": 1,
      "23": 3,
      "24": 4,
      "25": 2,
      "26": 1,
      "27": 1,
      "28": 3,
      "31": 1,
      "32": 1,
      "33": 1,
      "36": 1,
      "37": 2,
      "39": 1,
      "59": 1,
      "64": 1,
      "104": 1
    },
    "6": {
      "3": 18,
      "4": 5,
      "5": 2,
      "6": 9,
      "7": 2,
      "8": 8,
      "9": 4,
      "10": 9,
      "11": 5,
      "12": 6,
      "13": 2,
      "14": 1,
      "15": 3,
      "16": 3,
      "17": 3,
      "18": 2,
      "19": 2,
      "20": 3,
      "21": 2,
      "22": 3,
      "24": 1,
      "26": 1,
      "27": 3,
      "28": 1,
      "29": 1,
      "30": 1,
      "31": 1,
      "32": 1,
      "33": 1,
      "45": 1,
      "59": 1,
      "70": 1,
      "222": 1,
      "1136": 1
    },
    "7": {
      "3": 9,
      "4": 7,
      "5": 4,
      "6": 2,
      "7": 5,
      "8": 2,
      "9": 2,
      "10": 2,
      "11": 2,
      "12": 1,
      "13": 4,
      "14": 3,
      "15": 2,
      "16": 4,
      "17": 2,
      "18": 3,
      "19": 1,
      "20": 1,
      "21": 1,
      "22": 1,
      "23": 1,
      "24": 2,
      "25": 1,
      "28": 2,
      "30": 1,
      "31": 2,
      "34": 1,
      "35": 1,
      "37": 1,
      "59": 1,
      "62": 1,
      "69": 1
    },
    "8": {
      "3": 7,
      "4": 5,
      "5": 2,
      "6": 4,
      "7": 4,
      "8": 2,
      "10": 3,
      "11": 1,
      "12": 3,
      "13": 1,
      "14": 1,
      "15": 2,
      "19": 1,
      "23": 2,
      "28": 1,
      "32": 1,
      "40": 1,
      "41": 1,
      "45": 1,
      "47": 1,
      "56": 1,
      "62": 1
    },
    "9": {
      "3": 7,
      "4": 4,
      "5": 2,
      "7": 1,
      "8": 2,
      "9": 3,
      "12": 1,
      "13": 1,
      "15": 1,
      "16": 2,
      "18": 1,
      "20": 1,
      "21": 2,
      "22": 2,
      "23": 1,
      "26": 1,
      "33": 2,
      "34": 1,
      "35": 1,
      "57": 2,
      "60": 1
    },
    "10": {
      "3": 3,
      "4": 6,
      "6": 2,
      "9": 1,
      "10": 1,
      "12": 1,
      "14": 1,
      "15": 1,
      "16": 1,
      "18": 1,
      "23": 1,
      "27": 1,
      "28": 1,
      "29": 1,
      "36": 1,
      "57": 1
    },
    "11": {
      "3": 3,
      "4": 1,
      "5": 2,
      "6": 2,
      "8": 1,
      "9": 2,
      "10": 2,
      "11": 2,
      "14": 2,
      "17": 1,
      "19": 1,
      "23": 1,
      "24": 1,
      "29": 1,
      "34": 1,
      "43": 1,
      "45": 1,
      "91": 1,
      "129": 1
    },
    "12": {
      "3": 3,
      "4": 2,
      "5": 2,
      "6": 3,
      "12": 1,
      "14": 1,
      "16": 1,
      "18": 1,
      "23": 1,
      "24": 1,
      "27": 1,
      "37": 1,
      "45": 2,
      "48": 1,
      "75": 1,
      "78": 1
    },
    "13": {
      "4": 2,
      "6": 1,
      "9": 1,
      "17": 1,
      "18": 1,
      "22": 1,
      "30": 1,
      "32": 1,
      "85": 1
    },
    "14": {
      "3": 1,
      "9": 1,
      "13": 1,
      "16": 1,
      "19": 1,
      "41": 1,
      "51": 1
    },
    "15": {
      "3": 1,
      "4": 1,
      "22": 1,
      "33": 1,
      "34": 1
    },
    "16": {
      "5": 1,
      "10": 1,
      "13": 2,
      "20": 1
    },
    "17": {
      "3": 1,
      "4": 1,
      "12": 1,
      "18": 1,
      "19": 1
    },
    "18": {
      "4": 1,
      "7": 1,
      "19": 2,
      "39": 1,
      "48": 1
    },
    "19": {
      "3": 1,
      "8": 1,
      "13": 1,
      "26": 1
    },
    "20": {
      "3": 2,
      "9": 1,
      "11": 1,
      "16": 2
    },
    "21": {
      "3": 1,
      "13": 1
    },
    "22": {
      "38": 1
    },
    "23": {
      "18": 1
    },
    "24": {
      "12": 1,
      "14": 1,
      "34": 1
    },
    "25": {
      "8": 1,
      "11": 1,
      "149": 1
    },
    "27": {
      "11": 1
    },
    "28": {
      "36": 1
    },
    "29": {
      "37": 1
    },
    "44": {
      "9": 1
    }
  }
}