{
  "repo": "flink",
  "totalMethods": 17009,
  "totalHistoryEquals1": 7539,
  "totalHistory2To5": 7091,
  "totalHistory6To10": 1768,
  "totalHistoryGt10": 611,
  "totalHistoryCount": {
    "0": 146,
    "1": 7539,
    "2": 3458,
    "3": 1635,
    "4": 1097,
    "5": 755,
    "6": 470,
    "7": 490,
    "8": 347,
    "9": 296,
    "10": 165,
    "11": 132,
    "12": 75,
    "13": 73,
    "14": 52,
    "15": 44,
    "16": 25,
    "17": 29,
    "18": 24,
    "19": 14,
    "20": 18,
    "21": 11,
    "22": 11,
    "23": 11,
    "24": 5,
    "25": 8,
    "26": 3,
    "27": 9,
    "28": 7,
    "29": 7,
    "30": 5,
    "32": 6,
    "33": 2,
    "34": 3,
    "35": 3,
    "36": 2,
    "38": 1,
    "39": 2,
    "40": 2,
    "41": 2,
    "42": 3,
    "43": 1,
    "44": 1,
    "45": 2,
    "46": 2,
    "48": 1,
    "49": 2,
    "50": 3,
    "52": 1,
    "53": 1,
    "54": 1,
    "55": 2,
    "56": 1,
    "57": 1,
    "74": 1,
    "89": 1,
    "94": 1
  },
  "avgSizeShovel": 3.031571520959492,
  "avgSizeBase": 1.5117878770062907,
  "medianSizeShovel": 2,
  "medianSizeBase": 1,
  "changeStats": {
    "Yfilerename": 12559,
    "Ymovefromfile": 4560,
    "Ybodychange": 19875,
    "Yparameterchange": 3368,
    "Yintroduced": 14372,
    "Ymodifierchange": 926,
    "Yreturntypechange": 2389,
    "Yrename": 1632,
    "Yexceptionschange": 747,
    "Yparametermetachange": 198
  },
  "countSmallMethodsForOneChange": 4969,
  "countSmallMethodsForMoreThanOneChange": 3731,
  "avgMethodSizeOneChange": 5.9896538002387585,
  "avgMethodsMoreThanOneChange": 12.378986272439281,
  "statsMethodsOneChange": {
    "setters": 210,
    "getters": 2559,
    "tests": 1
  },
  "methodSizeStatsLeftNumChangesRightNumLinesNumMethods": {
    "0": {
      "1": 2,
      "2": 1,
      "3": 113,
      "4": 3,
      "5": 3,
      "6": 3,
      "7": 3,
      "8": 4,
      "9": 2,
      "10": 2,
      "11": 1,
      "12": 2,
      "13": 1,
      "15": 2,
      "19": 1,
      "36": 1,
      "38": 1,
      "56": 1
    },
    "1": {
      "1": 36,
      "2": 19,
      "3": 4798,
      "4": 425,
      "5": 310,
      "6": 244,
      "7": 296,
      "8": 210,
      "9": 154,
      "10": 114,
      "11": 116,
      "12": 88,
      "13": 89,
      "14": 59,
      "15": 63,
      "16": 61,
      "17": 41,
      "18": 40,
      "19": 34,
      "20": 24,
      "21": 21,
      "22": 25,
      "23": 20,
      "24": 25,
      "25": 16,
      "26": 17,
      "27": 18,
      "28": 19,
      "29": 16,
      "30": 10,
      "31": 8,
      "32": 11,
      "33": 10,
      "34": 9,
      "35": 7,
      "36": 6,
      "37": 4,
      "38": 10,
      "39": 4,
      "40": 6,
      "41": 4,
      "42": 3,
      "44": 4,
      "45": 2,
      "46": 1,
      "47": 4,
      "48": 3,
      "51": 2,
      "52": 1,
      "53": 1,
      "54": 1,
      "55": 1,
      "56": 1,
      "57": 1,
      "60": 1,
      "62": 1,
      "64": 3,
      "67": 1,
      "69": 3,
      "71": 2,
      "75": 2,
      "79": 4,
      "82": 1,
      "87": 1,
      "93": 1,
      "94": 1,
      "95": 1,
      "98": 1,
      "106": 1,
      "112": 1,
      "128": 1,
      "167": 1
    },
    "2": {
      "1": 9,
      "2": 9,
      "3": 1710,
      "4": 219,
      "5": 165,
      "6": 173,
      "7": 139,
      "8": 98,
      "9": 88,
      "10": 82,
      "11": 74,
      "12": 71,
      "13": 61,
      "14": 49,
      "15": 51,
      "16": 37,
      "17": 40,
      "18": 41,
      "19": 19,
      "20": 31,
      "21": 21,
      "22": 18,
      "23": 18,
      "24": 14,
      "25": 18,
      "26": 18,
      "27": 7,
      "28": 10,
      "29": 22,
      "30": 7,
      "31": 9,
      "32": 5,
      "33": 3,
      "34": 4,
      "35": 8,
      "36": 4,
      "38": 3,
      "39": 5,
      "40": 4,
      "41": 7,
      "42": 6,
      "43": 1,
      "44": 4,
      "45": 3,
      "47": 5,
      "48": 2,
      "50": 6,
      "51": 4,
      "52": 4,
      "53": 2,
      "54": 1,
      "55": 1,
      "56": 4,
      "57": 1,
      "58": 1,
      "59": 4,
      "60": 1,
      "62": 2,
      "64": 1,
      "65": 3,
      "66": 2,
      "67": 3,
      "68": 4,
      "69": 2,
      "70": 1,
      "71": 2,
      "73": 2,
      "74": 3,
      "75": 1,
      "77": 3,
      "80": 2,
      "83": 1,
      "86": 1,
      "89": 2,
      "98": 1,
      "103": 1
    },
    "3": {
      "1": 1,
      "2": 3,
      "3": 603,
      "4": 98,
      "5": 101,
      "6": 66,
      "7": 66,
      "8": 64,
      "9": 62,
      "10": 50,
      "11": 58,
      "12": 41,
      "13": 40,
      "14": 23,
      "15": 26,
      "16": 30,
      "17": 25,
      "18": 25,
      "19": 30,
      "20": 20,
      "21": 16,
      "22": 10,
      "23": 12,
      "24": 17,
      "25": 10,
      "26": 15,
      "27": 8,
      "28": 6,
      "29": 7,
      "30": 5,
      "31": 2,
      "32": 7,
      "33": 5,
      "34": 4,
      "35": 10,
      "36": 1,
      "38": 7,
      "39": 3,
      "40": 1,
      "41": 3,
      "42": 1,
      "43": 1,
      "44": 3,
      "45": 1,
      "46": 3,
      "47": 1,
      "49": 1,
      "50": 1,
      "51": 1,
      "52": 3,
      "53": 3,
      "55": 1,
      "56": 1,
      "57": 2,
      "58": 1,
      "59": 1,
      "60": 4,
      "61": 2,
      "62": 5,
      "64": 2,
      "66": 2,
      "68": 1,
      "75": 1,
      "77": 1,
      "78": 2,
      "80": 2,
      "82": 1,
      "89": 1,
      "97": 1,
      "111": 1,
      "122": 1,
      "175": 1,
      "176": 1
    },
    "4": {
      "1": 1,
      "3": 428,
      "4": 70,
      "5": 62,
      "6": 61,
      "7": 45,
      "8": 39,
      "9": 34,
      "10": 18,
      "11": 21,
      "12": 32,
      "13": 24,
      "14": 25,
      "15": 14,
      "16": 15,
      "17": 15,
      "18": 11,
      "19": 10,
      "20": 12,
      "21": 9,
      "22": 9,
      "23": 8,
      "24": 6,
      "25": 7,
      "26": 3,
      "27": 9,
      "28": 5,
      "29": 9,
      "30": 4,
      "31": 4,
      "32": 8,
      "33": 5,
      "34": 3,
      "35": 6,
      "36": 2,
      "37": 1,
      "38": 6,
      "39": 2,
      "41": 4,
      "42": 5,
      "43": 2,
      "44": 1,
      "45": 4,
      "46": 2,
      "47": 1,
      "48": 1,
      "49": 2,
      "51": 3,
      "52": 3,
      "53": 1,
      "54": 3,
      "55": 2,
      "57": 2,
      "60": 1,
      "61": 2,
      "62": 2,
      "67": 1,
      "71": 1,
      "72": 1,
      "75": 1,
      "76": 1,
      "79": 1,
      "82": 1,
      "84": 1,
      "85": 1,
      "95": 1,
      "106": 1,
      "127": 1,
      "153": 1
    },
    "5": {
      "1": 24,
      "3": 261,
      "4": 37,
      "5": 35,
      "6": 39,
      "7": 37,
      "8": 21,
      "9": 30,
      "10": 25,
      "11": 13,
      "12": 17,
      "13": 19,
      "14": 15,
      "15": 12,
      "16": 8,
      "17": 13,
      "18": 8,
      "19": 10,
      "20": 9,
      "21": 7,
      "22": 4,
      "23": 4,
      "24": 5,
      "25": 2,
      "26": 3,
      "27": 6,
      "28": 4,
      "29": 4,
      "30": 5,
      "31": 4,
      "32": 5,
      "33": 3,
      "34": 1,
      "35": 3,
      "36": 3,
      "37": 2,
      "38": 1,
      "39": 3,
      "40": 1,
      "41": 3,
      "42": 5,
      "44": 2,
      "45": 3,
      "46": 2,
      "47": 2,
      "48": 2,
      "49": 4,
      "50": 3,
      "51": 1,
      "52": 6,
      "54": 1,
      "58": 1,
      "59": 1,
      "60": 1,
      "62": 1,
      "64": 1,
      "66": 1,
      "67": 3,
      "70": 1,
      "71": 1,
      "73": 1,
      "84": 1,
      "90": 1,
      "106": 1,
      "107": 1,
      "117": 1,
      "146": 1
    },
    "6": {
      "1": 7,
      "3": 128,
      "4": 21,
      "5": 26,
      "6": 18,
      "7": 13,
      "8": 19,
      "9": 26,
      "10": 6,
      "11": 13,
      "12": 17,
      "13": 9,
      "14": 10,
      "15": 8,
      "16": 10,
      "17": 10,
      "18": 12,
      "19": 6,
      "20": 4,
      "21": 7,
      "22": 5,
      "23": 3,
      "24": 8,
      "25": 1,
      "26": 6,
      "27": 3,
      "28": 6,
      "29": 3,
      "30": 5,
      "31": 3,
      "32": 4,
      "33": 3,
      "34": 3,
      "35": 2,
      "36": 1,
      "37": 1,
      "38": 3,
      "39": 3,
      "40": 1,
      "42": 4,
      "43": 3,
      "44": 1,
      "45": 2,
      "46": 2,
      "48": 2,
      "51": 2,
      "52": 1,
      "53": 1,
      "55": 2,
      "56": 2,
      "57": 1,
      "58": 1,
      "60": 1,
      "61": 1,
      "63": 1,
      "64": 1,
      "65": 1,
      "72": 1,
      "79": 1,
      "85": 1,
      "86": 1,
      "112": 2,
      "113": 1
    },
    "7": {
      "1": 6,
      "2": 1,
      "3": 202,
      "4": 20,
      "5": 20,
      "6": 5,
      "7": 24,
      "8": 17,
      "9": 19,
      "10": 5,
      "11": 9,
      "12": 7,
      "13": 11,
      "14": 6,
      "15": 9,
      "16": 8,
      "17": 12,
      "18": 4,
      "19": 5,
      "20": 4,
      "21": 4,
      "22": 5,
      "23": 3,
      "24": 6,
      "25": 3,
      "26": 1,
      "27": 6,
      "28": 4,
      "29": 6,
      "30": 3,
      "31": 1,
      "32": 6,
      "33": 1,
      "34": 1,
      "35": 3,
      "36": 1,
      "37": 1,
      "38": 1,
      "39": 3,
      "40": 1,
      "41": 2,
      "42": 4,
      "43": 1,
      "44": 1,
      "45": 1,
      "46": 1,
      "47": 1,
      "48": 1,
      "49": 1,
      "50": 2,
      "51": 2,
      "58": 1,
      "63": 2,
      "64": 1,
      "66": 2,
      "67": 1,
      "68": 1,
      "72": 1,
      "73": 1,
      "74": 1,
      "76": 1,
      "78": 1,
      "80": 1,
      "85": 1,
      "91": 1,
      "92": 1,
      "95": 1,
      "107": 1
    },
    "8": {
      "1": 1,
      "2": 1,
      "3": 100,
      "4": 23,
      "5": 22,
      "6": 11,
      "7": 30,
      "8": 6,
      "9": 9,
      "10": 10,
      "11": 7,
      "12": 8,
      "13": 8,
      "14": 4,
      "15": 4,
      "16": 4,
      "17": 3,
      "18": 4,
      "19": 5,
      "20": 1,
      "21": 3,
      "22": 5,
      "23": 2,
      "24": 6,
      "25": 1,
      "26": 3,
      "27": 1,
      "28": 2,
      "29": 2,
      "30": 5,
      "31": 4,
      "32": 2,
      "33": 1,
      "34": 4,
      "35": 1,
      "36": 2,
      "37": 1,
      "38": 2,
      "39": 3,
      "40": 2,
      "41": 3,
      "42": 1,
      "44": 1,
      "45": 1,
      "47": 2,
      "50": 3,
      "51": 1,
      "54": 1,
      "58": 1,
      "60": 1,
      "61": 2,
      "62": 1,
      "64": 1,
      "67": 2,
      "68": 1,
      "71": 1,
      "73": 1,
      "74": 1,
      "76": 1,
      "77": 2,
      "96": 1,
      "100": 1,
      "113": 1,
      "124": 1,
      "128": 1,
      "151": 1
    },
    "9": {
      "3": 111,
      "4": 19,
      "5": 13,
      "6": 8,
      "7": 16,
      "8": 12,
      "9": 23,
      "10": 12,
      "11": 7,
      "12": 3,
      "13": 8,
      "14": 6,
      "15": 4,
      "16": 5,
      "17": 2,
      "18": 5,
      "19": 1,
      "20": 1,
      "21": 5,
      "23": 1,
      "25": 4,
      "27": 2,
      "28": 1,
      "29": 4,
      "31": 1,
      "39": 1,
      "40": 1,
      "45": 1,
      "46": 1,
      "48": 1,
      "50": 1,
      "52": 1,
      "56": 1,
      "57": 1,
      "61": 1,
      "62": 1,
      "68": 1,
      "69": 1,
      "74": 1,
      "75": 1,
      "76": 1,
      "79": 1,
      "80": 1,
      "81": 1,
      "88": 1,
      "95": 1,
      "108": 1
    },
    "10": {
      "1": 2,
      "3": 32,
      "4": 5,
      "5": 4,
      "6": 4,
      "7": 12,
      "8": 8,
      "9": 6,
      "10": 6,
      "11": 6,
      "12": 4,
      "13": 3,
      "14": 1,
      "15": 2,
      "16": 3,
      "17": 2,
      "18": 5,
      "19": 3,
      "20": 2,
      "21": 1,
      "23": 3,
      "24": 3,
      "25": 1,
      "26": 2,
      "27": 2,
      "28": 1,
      "29": 4,
      "30": 3,
      "31": 1,
      "33": 2,
      "35": 1,
      "36": 2,
      "38": 1,
      "39": 1,
      "40": 2,
      "41": 1,
      "44": 2,
      "45": 2,
      "46": 1,
      "47": 2,
      "49": 1,
      "50": 1,
      "51": 1,
      "54": 5,
      "58": 2,
      "61": 1,
      "69": 1,
      "80": 1,
      "85": 1,
      "93": 1,
      "100": 1,
      "101": 1
    },
    "11": {
      "1": 1,
      "3": 23,
      "4": 4,
      "5": 5,
      "6": 1,
      "7": 4,
      "8": 7,
      "9": 5,
      "10": 3,
      "11": 6,
      "12": 4,
      "13": 3,
      "14": 1,
      "15": 1,
      "16": 2,
      "17": 1,
      "18": 2,
      "19": 1,
      "20": 3,
      "21": 1,
      "22": 3,
      "23": 3,
      "24": 1,
      "26": 2,
      "27": 2,
      "28": 3,
      "33": 1,
      "34": 2,
      "37": 2,
      "38": 1,
      "39": 2,
      "45": 2,
      "47": 1,
      "48": 1,
      "53": 4,
      "54": 1,
      "58": 1,
      "60": 1,
      "61": 1,
      "62": 1,
      "68": 1,
      "69": 2,
      "70": 1,
      "72": 2,
      "73": 1,
      "74": 2,
      "80": 1,
      "83": 1,
      "91": 1,
      "102": 1,
      "104": 1,
      "114": 1,
      "120": 1,
      "127": 1,
      "128": 1,
      "134": 1
    },
    "12": {
      "2": 2,
      "3": 28,
      "5": 1,
      "6": 1,
      "7": 2,
      "8": 5,
      "10": 1,
      "11": 3,
      "13": 2,
      "14": 3,
      "16": 1,
      "18": 1,
      "19": 2,
      "20": 2,
      "21": 1,
      "23": 2,
      "25": 3,
      "26": 1,
      "34": 2,
      "36": 1,
      "40": 1,
      "42": 1,
      "43": 1,
      "44": 1,
      "45": 1,
      "47": 1,
      "49": 1,
      "54": 1,
      "64": 1,
      "66": 1,
      "109": 1
    },
    "13": {
      "1": 1,
      "3": 10,
      "4": 8,
      "6": 2,
      "7": 2,
      "8": 2,
      "9": 2,
      "10": 3,
      "12": 2,
      "13": 2,
      "14": 1,
      "16": 1,
      "18": 1,
      "19": 1,
      "21": 1,
      "22": 1,
      "25": 1,
      "26": 1,
      "27": 1,
      "30": 1,
      "32": 1,
      "33": 1,
      "34": 2,
      "36": 1,
      "37": 2,
      "40": 1,
      "43": 2,
      "45": 1,
      "46": 1,
      "49": 1,
      "52": 1,
      "53": 1,
      "60": 1,
      "61": 1,
      "62": 2,
      "67": 1,
      "73": 1,
      "77": 1,
      "78": 1,
      "84": 1,
      "86": 1,
      "112": 1,
      "116": 1,
      "122": 1,
      "192": 1
    },
    "14": {
      "3": 3,
      "4": 2,
      "5": 1,
      "6": 1,
      "7": 5,
      "8": 2,
      "9": 2,
      "10": 2,
      "13": 1,
      "16": 1,
      "17": 1,
      "19": 1,
      "20": 2,
      "22": 1,
      "24": 1,
      "28": 1,
      "31": 2,
      "32": 1,
      "34": 1,
      "35": 1,
      "40": 2,
      "44": 1,
      "50": 1,
      "52": 1,
      "54": 2,
      "59": 1,
      "62": 1,
      "65": 1,
      "67": 1,
      "70": 2,
      "74": 1,
      "76": 1,
      "78": 1,
      "81": 1,
      "94": 1,
      "103": 1,
      "197": 1
    },
    "15": {
      "1": 1,
      "3": 4,
      "5": 3,
      "6": 1,
      "8": 3,
      "9": 2,
      "11": 1,
      "13": 1,
      "14": 1,
      "16": 1,
      "17": 3,
      "20": 2,
      "24": 1,
      "25": 1,
      "26": 1,
      "28": 1,
      "29": 1,
      "30": 1,
      "34": 1,
      "41": 2,
      "42": 1,
      "46": 1,
      "49": 1,
      "50": 1,
      "52": 1,
      "56": 1,
      "63": 1,
      "85": 1,
      "86": 1,
      "89": 1,
      "102": 1,
      "141": 1
    },
    "16": {
      "3": 2,
      "4": 3,
      "6": 1,
      "8": 3,
      "9": 1,
      "13": 1,
      "14": 1,
      "16": 1,
      "17": 1,
      "20": 1,
      "25": 1,
      "27": 1,
      "28": 1,
      "30": 1,
      "36": 1,
      "38": 1,
      "49": 1,
      "92": 1,
      "100": 1,
      "102": 1
    },
    "17": {
      "3": 1,
      "5": 1,
      "6": 1,
      "8": 2,
      "14": 1,
      "15": 1,
      "17": 1,
      "18": 1,
      "21": 1,
      "27": 1,
      "34": 1,
      "36": 1,
      "41": 1,
      "43": 1,
      "44": 1,
      "48": 1,
      "50": 1,
      "51": 1,
      "53": 1,
      "67": 1,
      "73": 1,
      "79": 1,
      "80": 1,
      "87": 1,
      "88": 1,
      "93": 1,
      "99": 1,
      "145": 1
    },
    "18": {
      "1": 1,
      "3": 2,
      "5": 2,
      "8": 1,
      "10": 1,
      "11": 2,
      "13": 1,
      "15": 2,
      "16": 1,
      "20": 2,
      "26": 1,
      "29": 1,
      "33": 2,
      "34": 1,
      "36": 1,
      "41": 2,
      "82": 1
    },
    "19": {
      "1": 1,
      "3": 1,
      "5": 1,
      "7": 1,
      "14": 1,
      "15": 1,
      "39": 1,
      "45": 1,
      "50": 1,
      "57": 1,
      "65": 1,
      "93": 1,
      "96": 1,
      "122": 1
    },
    "20": {
      "10": 1,
      "11": 1,
      "13": 1,
      "16": 1,
      "26": 1,
      "27": 2,
      "28": 1,
      "33": 1,
      "39": 1,
      "41": 1,
      "49": 1,
      "51": 1,
      "54": 1,
      "55": 1,
      "110": 1,
      "138": 1,
      "162": 1
    },
    "21": {
      "3": 2,
      "6": 1,
      "14": 1,
      "19": 1,
      "29": 1,
      "32": 1,
      "34": 1,
      "86": 1,
      "124": 1,
      "151": 1
    },
    "22": {
      "3": 2,
      "4": 2,
      "6": 1,
      "11": 1,
      "14": 2,
      "15": 1,
      "21": 1,
      "70": 1
    },
    "23": {
      "3": 2,
      "5": 1,
      "9": 1,
      "15": 1,
      "20": 1,
      "35": 1,
      "36": 1,
      "43": 1,
      "59": 1,
      "75": 1
    },
    "24": {
      "22": 1,
      "36": 1,
      "46": 1,
      "95": 1,
      "117": 1
    },
    "25": {
      "18": 1,
      "37": 1,
      "44": 1,
      "71": 1,
      "83": 1,
      "128": 1,
      "131": 1,
      "146": 1
    },
    "26": {
      "57": 1,
      "186": 1,
      "225": 1
    },
    "27": {
      "3": 1,
      "24": 1,
      "36": 1,
      "43": 1,
      "56": 1,
      "75": 1,
      "125": 1,
      "135": 1,
      "171": 1
    },
    "28": {
      "13": 1,
      "22": 1,
      "46": 1,
      "56": 1,
      "68": 1,
      "113": 1,
      "480": 1
    },
    "29": {
      "3": 1,
      "38": 2,
      "61": 1,
      "83": 1,
      "97": 1,
      "164": 1
    },
    "30": {
      "16": 1,
      "42": 1,
      "43": 1,
      "50": 1,
      "58": 1
    },
    "32": {
      "4": 1,
      "30": 1,
      "72": 2,
      "185": 1,
      "261": 1
    },
    "33": {
      "14": 1,
      "38": 1
    },
    "34": {
      "3": 1,
      "43": 1,
      "68": 1
    },
    "35": {
      "48": 1,
      "127": 1,
      "245": 1
    },
    "36": {
      "92": 1,
      "96": 1
    },
    "38": {
      "9": 1
    },
    "39": {
      "3": 1,
      "9": 1
    },
    "40": {
      "5": 1,
      "238": 1
    },
    "41": {
      "19": 1,
      "37": 1
    },
    "42": {
      "7": 1,
      "78": 1,
      "100": 1
    },
    "43": {
      "470": 1
    },
    "44": {
      "90": 1
    },
    "45": {
      "104": 1,
      "142": 1
    },
    "46": {
      "11": 1,
      "150": 1
    },
    "48": {
      "4": 1
    },
    "49": {
      "17": 1,
      "135": 1
    },
    "50": {
      "13": 1,
      "44": 1,
      "160": 1
    },
    "52": {
      "4": 1
    },
    "53": {
      "80": 1
    },
    "54": {
      "164": 1
    },
    "55": {
      "7": 1,
      "190": 1
    },
    "56": {
      "8": 1
    },
    "57": {
      "19": 1
    },
    "74": {
      "39": 1
    },
    "89": {
      "34": 1
    },
    "94": {
      "20": 1
    }
  }
}